0,35,55,55
6.49730e-21,-2.41943e-20,3.70819e-20,-5.61031e-20,6.20455e-20,1.17520e-19,-7.73543e-20,7.16683e-20,-3.30575e-19,-1.14253e-20,-1.02097e-19,1.98227e-20,1.21384e-19,-3.89299e-21,7.71153e-21,1.34114e-20,1.13104e-19,-4.21976e-20,-6.45507e-20,-1.72140e-19,4.98530e-20,-3.13029e-20,-4.09475e-19,2.14700e-19,2.13455e-19,-3.42596e-19,-4.05193e-19,2.22153e-19,1.31263e-19,-6.88189e-19,2.34002e-20,2.20107e-19,-3.96782e-19,3.18259e-19,3.44422e-19,-1.25166e-19,-6.70519e-19,2.45901e-19,9.10660e-19,-1.88559e-19,-1.26667e-18,1.28027e-19,-4.07147e-19,5.37573e-19,-3.12311e-19,-4.30591e-19,-3.71235e-19,8.69866e-19,-4.72997e-19,3.54563e-19,6.59599e-19,9.37554e-20,7.05131e-19,-5.47238e-20,1.00259e-19
1.03998e-20,-3.82344e-20,5.89781e-20,-9.09383e-20,1.02533e-19,1.89619e-19,-1.18904e-19,1.05600e-19,-5.37358e-19,-2.14846e-20,-1.55162e-19,3.18584e-20,1.87734e-19,-3.67591e-20,6.23676e-21,1.52183e-21,2.02820e-19,-9.49040e-20,-1.34770e-19,-2.91974e-19,6.11808e-20,-6.29562e-20,-7.14902e-19,3.32934e-19,3.61659e-19,-7.32929e-19,-6.26196e-19,5.01937e-19,3.21982e-19,-1.32731e-18,-4.91687e-20,3.73477e-19,-7.05692e-19,4.48906e-19,6.44757e-19,-1.08257e-19,-1.20586e-18,4.68834e-19,1.45112e-18,-4.44773e-19,-2.12645e-18,5.33361e-19,-6.56907e-19,9.23112e-19,-5.46110e-19,-6.67718e-19,-6.36286e-19,1.61905e-18,-7.13018e-19,3.26982e-19,1.39505e-18,1.69268e-19,1.07592e-18,-2.26531e-19,1.12160e-19
9.87860e-21,-9.23794e-21,4.21941e-21,-7.35445e-21,3.98729e-21,1.04242e-20,-1.71283e-21,3.44527e-21,-1.78190e-20,-5.03277e-22,-5.28870e-21,5.39376e-22,9.64592e-22,2.06319e-21,-8.47329e-22,-6.40785e-22,2.31257e-21,-1.07537e-21,-3.29830e-21,-8.12313e-22,1.23870e-21,-2.81661e-21,-6.04431e-21,2.44235e-21,2.50766e-21,-5.20726e-21,-6.67057e-21,1.16996e-20,8.15313e-23,-1.10867e-20,-1.47258e-21,2.47325e-21,-8.18481e-21,3.80100e-21,4.61417e-21,1.36717e-21,-9.89345e-21,5.88899e-21,1.37828e-20,-4.50865e-21,-2.21814e-20,5.25879e-21,-5.39992e-21,9.89716e-21,-4.92541e-21,-6.38649e-21,-5.84387e-21,1.49446e-20,-6.44713e-21,3.89304e-21,1.15655e-20,1.56740e-21,1.08472e-20,-1.13246e-21,1.02640e-21
1.04525e-20,-4.99150e-20,9.23912e-20,-8.85549e-20,1.09368e-19,1.69028e-19,5.15397e-20,-1.35456e-20,-3.58866e-20,-4.55087e-20,3.09009e-20,1.02993e-19,-1.45256e-19,2.86684e-20,-1.32109e-19,2.36938e-20,-2.18262e-19,7.56853e-20,-8.32859e-20,2.33315e-19,8.72905e-20,-2.39671e-19,-2.69108e-20,3.99090e-20,-6.16764e-20,1.05376e-19,-1.46468e-19,3.42296e-19,-1.45260e-19,8.73329e-20,-4.97662e-20,-8.71544e-20,-5.03066e-20,-1.47020e-19,2.24622e-19,1.62273e-19,-1.00528e-19,-6.03619e-20,-5.92321e-20,1.48511e-20,-6.81657e-20,-8.25450e-20,1.90702e-19,6.24412e-21,2.48072e-20,-1.22073e-19,1.41528e-19,1.35250e-19,2.04921e-19,7.87042e-20,-1.64613e-19,-4.56205e-21,8.43161e-20,3.88361e-20,4.39748e-20
1.24707e-20,-4.79121e-20,6.95050e-20,-6.84872e-20,4.79321e-20,1.08656e-19,-1.41094e-20,2.29572e-20,-1.29280e-19,1.64583e-20,-3.08223e-20,1.39626e-20,-1.87108e-21,1.99954e-20,-1.71317e-21,7.11299e-21,8.40034e-22,3.95876e-21,-1.47754e-20,1.41932e-21,5.91181e-21,-3.16737e-20,2.54667e-21,4.60413e-21,6.05836e-21,1.09958e-21,-1.80170e-20,8.66710e-20,-5.44358e-21,-1.55793e-20,-8.99030e-21,5.51932e-21,-2.45459e-20,-8.95345e-21,9.95954e-21,2.37459e-20,-2.16058e-20,4.14655e-20,3.62407e-20,-2.73788e-21,-6.42584e-20,1.25214e-20,-6.48751e-21,2.33273e-20,-8.50633e-21,1.36611e-20,-3.88122e-20,4.76261e-20,7.02993e-21,1.46336e-20,4.95684e-20,7.40736e-21,1.21331e-20,-6.34537e-21,6.92043e-23
1.08199e-20,-4.88876e-20,9.03778e-20,-7.98317e-20,1.26151e-19,1.59726e-19,4.76516e-20,1.45771e-20,1.51032e-20,-5.72301e-20,6.71147e-20,7.02135e-20,-2.00468e-19,-4.48806e-20,-1.72591e-19,-6.06346e-20,-2.43195e-19,8.88722e-20,5.20821e-20,5.15805e-19,1.42106e-19,-1.16203e-19,-2.05477e-20,6.23538e-20,-4.10201e-20,-1.18755e-19,9.25897e-20,-3.48817e-19,2.12811e-19,-8.46695e-20,-9.05848e-20,-3.94749e-19,1.94097e-19,-9.48215e-21,-1.17607e-19,-2.20656e-19,-3.25575e-20,1.08488e-19,-9.83030e-22,3.96322e-19,-1.39178e-19,3.35684e-20,2.24476e-19,3.03765e-20,3.39640e-19,-5.10647e-20,1.12350e-19,7.74538e-19,8.40125e-19,5.89702e-19,-6.05371e-20,7.73094e-20,5.27472e-19,9.97162e-21,3.55344e-19
1.56425e-20,-5.64391e-20,7.62088e-20,-6.04444e-20,5.58093e-21,4.88602e-20,4.29992e-21,-2.88303e-21,3.01498e-20,2.68060e-20,1.12689e-20,-3.71677e-20,-1.59897e-20,-4.89651e-20,2.76650e-20,3.60605e-20,-1.88928e-20,-3.32595e-20,-3.86485e-20,-5.06251e-20,-1.28397e-19,2.30657e-19,-7.50850e-21,7.82768e-20,1.65874e-20,-2.86521e-20,6.32022e-20,2.08973e-20,1.45894e-20,-5.20276e-21,3.53026e-20,2.23823e-20,-2.27776e-21,-9.24329e-21,5.54209e-20,1.84936e-20,3.93134e-20,-3.10404e-20,-7.93363e-20,-4.30809e-20,1.17885e-20,4.91048e-20,-7.81936e-20,-1.05098e-19,8.13239e-20,-1.47615e-19,-2.67107e-19,1.99726e-20,-2.84716e-19,-1.07315e-20,-2.60431e-19,-1.68484e-20,2.12783e-19,5.71369e-20,8.15014e-20
1.73405e-20,-5.03006e-20,4.32442e-20,-4.15316e-20,1.32947e-20,-2.05089e-21,1.80741e-20,-1.23452e-20,2.78456e-20,5.12765e-22,-3.21752e-21,-1.27725e-20,1.90233e-20,-3.77698e-21,1.28368e-20,-4.00040e-21,1.15596e-20,-1.38453e-21,2.53303e-21,-1.13341e-20,1.60299e-21,2.21930e-20,-2.56477e-20,-6.25322e-21,3.53707e-22,2.06924e-21,2.03500e-20,-6.46000e-21,1.26353e-20,-1.14266e-20,1.96234e-20,1.49010e-20,-1.06629e-20,-1.95211e-20,-5.06106e-21,-4.46449e-21,-4.49249e-21,-1.02204e-21,-6.90014e-21,-1.76564e-20,3.68251e-21,-1.42997e-20,-6.64845e-21,1.28800e-20,-3.12684e-20,-4.46501e-21,3.14063e-20,-2.45204e-20,-4.25440e-20,-2.00400e-20,-1.62429e-20,-5.39394e-21,4.93478e-21,-4.97879e-22,-7.29807e-21
2.13367e-20,-4.16586e-20,-5.49914e-21,-8.17825e-21,4.14982e-20,-8.73276e-20,6.30697e-21,4.79024e-21,-9.36536e-21,-1.13103e-20,-1.28977e-20,1.32885e-21,1.80597e-20,-6.96682e-21,-7.12529e-21,-2.06170e-20,2.31301e-20,2.95006e-20,-8.78025e-20,2.26779e-20,-2.81945e-20,-3.44548e-20,7.52629e-20,7.30803e-20,6.18039e-20,1.55625e-20,1.71805e-20,-2.38441e-20,-3.35452e-20,-7.70588e-21,-2.05587e-20,1.15612e-20,-1.39526e-20,2.03784e-20,5.59927e-22,7.79280e-23,-5.84422e-21,1.02195e-20,2.07275e-20,-2.87013e-21,-8.61392e-22,6.91390e-21,1.02371e-20,3.60832e-20,-6.06224e-20,2.81081e-20,8.64157e-20,-1.87417e-20,-4.36082e-20,-3.85684e-20,-4.78914e-20,-1.45251e-20,8.33379e-21,8.63248e-21,-2.15548e-20
2.02516e-20,-3.46812e-20,1.38647e-20,5.66290e-21,-8.53239e-21,-4.34107e-21,3.35291e-22,-1.00664e-21,3.52629e-21,-1.06578e-21,1.27201e-22,-8.15860e-22,9.61276e-21,-4.23989e-22,-4.95743e-21,-2.70139e-21,-1.60324e-21,-9.33814e-21,1.14247e-22,-1.87819e-21,-1.08736e-23,9.59787e-21,4.16802e-21,1.15603e-21,-3.90455e-21,2.25635e-21,-9.44260e-22,6.00114e-22,4.61236e-21,-9.90380e-22,1.29807e-21,7.77259e-21,-2.84755e-22,-2.22888e-21,-1.11546e-21,-1.41227e-21,2.01356e-21,-2.58493e-21,-1.26979e-21,-3.51221e-21,1.62576e-21,3.69053e-22,-6.49614e-21,-3.35226e-21,4.81575e-21,-7.00639e-22,-6.11815e-21,-1.06832e-21,3.45306e-23,-9.71128e-22,3.07790e-21,7.81482e-22,-5.01944e-21,6.45111e-22,-1.73174e-21
2.06187e-20,-2.47249e-20,7.63934e-21,-5.59864e-21,5.29610e-21,9.49627e-21,5.04309e-21,-2.66641e-21,2.52182e-21,-1.64794e-21,1.14536e-21,2.65023e-21,-7.60150e-21,3.08408e-22,-4.72483e-21,2.47292e-21,-1.22958e-20,2.02169e-21,-4.91244e-21,9.56940e-21,1.91018e-21,-8.23598e-21,-2.30814e-21,3.42589e-21,-3.96953e-21,5.19876e-21,-7.05261e-21,1.57942e-20,-7.33273e-21,4.55065e-21,-2.05587e-21,1.05366e-21,-2.16094e-21,-6.05962e-21,1.40635e-20,8.63525e-21,-5.51857e-21,-5.17320e-21,-4.40485e-21,-3.20699e-21,-2.06895e-21,-3.99857e-21,6.24557e-21,-2.09650e-21,1.80571e-21,-6.54889e-21,1.69219e-21,6.02072e-21,9.96266e-21,8.58557e-21,-9.26376e-21,2.93021e-22,9.65733e-21,2.40898e-21,5.37959e-21
2.37184e-20,-1.08637e-20,-1.12808e-20,3.21658e-20,1.00007e-20,2.58210e-20,1.52964e-20,-5.05454e-21,2.64242e-21,-1.60536e-20,-5.66510e-21,-8.99201e-21,-8.07761e-21,-8.66620e-23,1.10575e-21,-1.40416e-20,5.41719e-21,5.23857e-23,1.36956e-20,3.10041e-21,-1.50552e-20,-2.13287e-21,-1.21831e-21,5.14989e-21,-7.26450e-21,1.44560e-20,-5.52195e-21,3.92621e-21,5.77218e-21,-5.07960e-21,-6.22302e-21,6.42367e-21,3.59597e-21,-3.55812e-22,-3.63267e-21,-6.79089e-21,3.90215e-21,-1.64044e-21,-1.53490e-21,-6.30435e-23,1.58814e-21,2.29786e-21,-7.04340e-21,-6.29567e-21,1.63097e-20,-8.31603e-21,-1.13190e-20,-2.06487e-21,1.75967e-20,3.36745e-21,1.84782e-20,2.76715e-21,-1.66464e-20,-1.40772e-22,-3.43817e-21
2.21859e-20,-1.54011e-20,-9.81121e-21,9.56934e-21,-4.89996e-22,-5.31233e-21,-3.47431e-22,1.02506e-21,-3.02845e-21,-1.31385e-21,-1.96405e-21,-1.69515e-23,-2.03782e-21,1.29334e-22,-1.06171e-21,-3.14338e-21,1.66167e-22,1.04015e-21,-6.01150e-21,2.79713e-21,-1.49375e-23,2.06749e-21,-1.79496e-21,-1.04421e-21,-2.01170e-21,8.35825e-22,-1.38684e-21,9.36978e-22,1.72281e-21,4.56244e-22,9.57091e-22,-3.85456e-22,2.74323e-22,4.46099e-22,1.69899e-22,5.28811e-22,8.86432e-22,-7.65306e-22,2.92669e-22,8.88280e-22,4.39118e-23,9.85277e-22,1.01412e-21,-2.11241e-21,3.23341e-21,-3.42294e-21,-4.71189e-21,-3.35525e-22,6.00016e-22,7.39708e-22,1.17086e-21,3.83181e-22,3.38421e-22,1.46979e-22,9.32904e-22
2.78989e-21,2.29081e-21,-1.33144e-22,-3.38229e-21,-4.74659e-21,-6.34751e-22,1.33063e-21,3.07355e-23,-1.53710e-21,-5.31145e-21,-2.96353e-21,-2.60714e-21,-1.68548e-21,6.46694e-22,-5.48622e-22,-1.26252e-21,-4.06788e-22,-2.92327e-21,-4.69980e-22,6.42697e-22,6.47773e-22,2.84271e-22,9.89847e-23,7.37123e-22,-1.04101e-21,1.73080e-21,-3.68164e-22,5.97100e-23,-1.42432e-22,-5.19270e-22,-7.65277e-22,5.02198e-22,1.94757e-23,2.01619e-22,-4.34096e-22,-3.38587e-22,2.07003e-22,-7.52615e-23,5.50338e-22,3.01152e-22,1.28988e-23,3.40419e-22,5.67832e-22,6.78565e-23,2.96355e-22,4.34146e-22,-1.42548e-22,-4.53421e-22,4.99139e-22,-3.98397e-22,3.26756e-22,5.73311e-23,-6.31577e-22,5.92097e-22,-7.30271e-22
1.61539e-20,-2.90782e-21,-8.42090e-21,2.86524e-21,-7.66302e-21,4.35255e-21,-2.57982e-22,1.39529e-22,-2.92455e-21,-1.43668e-21,-1.85534e-21,-3.73600e-21,-1.87109e-21,9.35955e-22,9.15128e-22,1.61591e-21,-3.57450e-21,-4.63674e-21,1.32181e-21,6.02464e-22,-1.01406e-22,1.10266e-21,-2.56649e-21,-2.09558e-21,-1.26477e-21,2.05807e-21,3.58865e-22,1.78921e-22,1.86065e-21,-1.73865e-21,1.11308e-21,-1.62868e-21,-2.31321e-22,-3.57848e-21,-8.41459e-22,4.01146e-22,-2.16114e-22,-3.62137e-22,-1.41510e-21,-2.23282e-21,5.08511e-22,-1.41966e-21,-3.96265e-21,3.93281e-22,-1.67669e-21,-3.57939e-21,4.85456e-21,2.11743e-22,-4.28709e-21,-6.74680e-22,-2.93383e-21,-3.95638e-23,4.42462e-21,2.61679e-22,1.07291e-21
2.01939e-20,1.31781e-20,-1.01925e-20,-2.70437e-20,-2.32081e-20,-1.45128e-21,-3.06385e-22,9.90914e-22,-7.02160e-25,-8.27034e-21,-1.57915e-20,9.95804e-21,4.53402e-21,-3.60389e-21,1.39835e-21,-9.32249e-22,-1.86106e-21,8.36971e-22,-2.70938e-21,4.10096e-21,-5.14076e-21,-1.25414e-21,-3.38281e-21,-7.45198e-22,3.51910e-21,1.78390e-22,2.55506e-21,-1.51182e-21,-3.72655e-21,9.48207e-24,4.64840e-22,-8.48504e-22,-1.36265e-21,1.20070e-21,9.66818e-22,1.71805e-21,-2.93942e-22,7.73230e-22,7.94310e-22,1.54372e-21,-2.73761e-22,8.34854e-22,3.73990e-21,1.77662e-21,-4.60891e-21,2.34583e-21,2.17865e-21,-5.33705e-23,-5.59989e-21,-1.00091e-21,-6.17751e-21,-6.11613e-22,5.90718e-21,8.18440e-22,8.23956e-22
1.44631e-20,4.82817e-21,-1.22494e-20,-1.03279e-20,2.90527e-22,2.42586e-21,3.43552e-21,-4.41906e-22,-3.14110e-22,-4.82076e-21,-7.26349e-22,-3.21085e-21,-6.13121e-21,7.72869e-22,4.22703e-21,4.27928e-21,4.40454e-21,-1.06181e-22,6.97840e-22,5.48957e-22,-4.04106e-21,-2.94880e-21,-5.28848e-21,3.22557e-22,2.84742e-21,3.13091e-21,6.55538e-22,-1.84542e-21,-3.96336e-21,-7.54841e-22,-1.37641e-21,8.02751e-22,-6.29849e-22,2.95240e-21,6.06645e-23,2.58605e-22,-4.91495e-22,6.21980e-22,2.19066e-21,2.48461e-21,-4.66652e-22,1.75309e-21,5.56466e-21,1.98536e-21,-3.41898e-21,4.28364e-21,1.05088e-21,-1.37253e-21,-3.01528e-21,-1.79521e-21,-4.03021e-21,-8.19413e-22,1.64730e-21,1.63256e-21,-1.39803e-21
3.15652e-27,4.53823e-27,6.26839e-27,2.42679e-27,-1.13057e-27,-2.09398e-27,6.93390e-27,4.21093e-27,-2.45212e-27,8.21109e-28,8.48924e-27,6.54167e-28,5.46483e-27,2.42431e-27,2.47113e-28,6.52845e-27,1.24877e-27,6.44554e-27,-1.64695e-27,9.93514e-29,-4.31867e-27,-1.91278e-27,-2.79096e-27,-2.21771e-27,4.97917e-27,-4.55402e-27,2.81483e-27,-1.46047e-27,-1.52757e-27,1.95345e-27,1.82028e-27,-1.44410e-27,-7.11967e-28,2.86058e-28,1.65655e-27,1.95884e-27,-5.74202e-28,9.25116e-28,-9.71124e-28,-1.75543e-28,-5.81677e-28,-5.37906e-28,6.05091e-28,8.35917e-28,-3.09452e-27,-1.09409e-28,1.37560e-27,1.13340e-27,-4.29623e-27,7.08630e-28,-4.11875e-27,-1.76852e-28,4.89215e-27,-9.09780e-28,2.10596e-27
0.00000,0.00000,0.00000,0.00000,0.00000,0.00000,0.00000,0.00000,0.00000,0.00000,0.00000,0.00000,0.00000,0.00000,0.00000,0.00000,0.00000,0.00000,0.00000,0.00000,0.00000,0.00000,0.00000,0.00000,0.00000,0.00000,0.00000,0.00000,0.00000,0.00000,0.00000,0.00000,0.00000,0.00000,0.00000,0.00000,0.00000,0.00000,0.00000,0.00000,0.00000,0.00000,0.00000,0.00000,0.00000,0.00000,0.00000,0.00000,0.00000,0.00000,0.00000,0.00000,0.00000,0.00000,0.00000
0.00000,0.00000,0.00000,0.00000,0.00000,0.00000,0.00000,0.00000,0.00000,0.00000,0.00000,0.00000,0.00000,0.00000,0.00000,0.00000,0.00000,0.00000,0.00000,0.00000,0.00000,0.00000,0.00000,0.00000,0.00000,0.00000,0.00000,0.00000,0.00000,0.00000,0.00000,0.00000,0.00000,0.00000,0.00000,0.00000,0.00000,0.00000,0.00000,0.00000,0.00000,0.00000,0.00000,0.00000,0.00000,0.00000,0.00000,0.00000,0.00000,0.00000,0.00000,0.00000,0.00000,0.00000,0.00000
0.00000,0.00000,0.00000,0.00000,0.00000,0.00000,0.00000,0.00000,0.00000,0.00000,0.00000,0.00000,0.00000,0.00000,0.00000,0.00000,0.00000,0.00000,0.00000,0.00000,0.00000,0.00000,0.00000,0.00000,0.00000,0.00000,0.00000,0.00000,0.00000,0.00000,0.00000,0.00000,0.00000,0.00000,0.00000,0.00000,0.00000,0.00000,0.00000,0.00000,0.00000,0.00000,0.00000,0.00000,0.00000,0.00000,0.00000,0.00000,0.00000,0.00000,0.00000,0.00000,0.00000,0.00000,0.00000
6.70427e-25,9.06502e-25,1.15545e-24,3.02653e-25,-6.05333e-25,-3.84001e-25,1.48956e-24,7.73621e-25,-6.80446e-25,-4.88466e-25,1.77009e-24,-3.54063e-25,1.17194e-24,8.57902e-25,-2.66005e-25,1.43779e-24,4.27260e-25,7.05371e-25,-4.89357e-25,1.67773e-25,-9.97644e-25,-4.97868e-25,-8.27361e-25,-3.40749e-25,9.89388e-25,-5.25527e-25,5.89075e-25,-4.25110e-25,-5.78091e-25,2.81482e-25,1.91397e-25,-1.96886e-25,-1.95132e-25,2.20834e-25,2.87644e-25,4.00454e-25,-1.10450e-25,2.27870e-25,-7.89196e-27,1.18671e-25,-1.53448e-25,2.89478e-26,4.97350e-25,3.01032e-25,-8.15704e-25,2.14879e-25,3.49546e-25,1.13451e-25,-1.07590e-24,-9.90363e-28,-1.09878e-24,-6.51927e-26,1.15028e-24,-7.12800e-27,2.90237e-25
0.00000,0.00000,0.00000,0.00000,0.00000,0.00000,0.00000,0.00000,0.00000,0.00000,0.00000,0.00000,0.00000,0.00000,0.00000,0.00000,0.00000,0.00000,0.00000,0.00000,0.00000,0.00000,0.00000,0.00000,0.00000,0.00000,0.00000,0.00000,0.00000,0.00000,0.00000,0.00000,0.00000,0.00000,0.00000,0.00000,0.00000,0.00000,0.00000,0.00000,0.00000,0.00000,0.00000,0.00000,0.00000,0.00000,0.00000,0.00000,0.00000,0.00000,0.00000,0.00000,0.00000,0.00000,0.00000
0.00000,0.00000,0.00000,0.00000,0.00000,0.00000,0.00000,0.00000,0.00000,0.00000,0.00000,0.00000,0.00000,0.00000,0.00000,0.00000,0.00000,0.00000,0.00000,0.00000,0.00000,0.00000,0.00000,0.00000,0.00000,0.00000,0.00000,0.00000,0.00000,0.00000,0.00000,0.00000,0.00000,0.00000,0.00000,0.00000,0.00000,0.00000,0.00000,0.00000,0.00000,0.00000,0.00000,0.00000,0.00000,0.00000,0.00000,0.00000,0.00000,0.00000,0.00000,0.00000,0.00000,0.00000,0.00000
0.00000,0.00000,0.00000,0.00000,0.00000,0.00000,0.00000,0.00000,0.00000,0.00000,0.00000,0.00000,0.00000,0.00000,0.00000,0.00000,0.00000,0.00000,0.00000,0.00000,0.00000,0.00000,0.00000,0.00000,0.00000,0.00000,0.00000,0.00000,0.00000,0.00000,0.00000,0.00000,0.00000,0.00000,0.00000,0.00000,0.00000,0.00000,0.00000,0.00000,0.00000,0.00000,0.00000,0.00000,0.00000,0.00000,0.00000,0.00000,0.00000,0.00000,0.00000,0.00000,0.00000,0.00000,0.00000
0.00000,0.00000,0.00000,0.00000,0.00000,0.00000,0.00000,0.00000,0.00000,0.00000,0.00000,0.00000,0.00000,0.00000,0.00000,0.00000,0.00000,0.00000,0.00000,0.00000,0.00000,0.00000,0.00000,0.00000,0.00000,0.00000,0.00000,0.00000,0.00000,0.00000,0.00000,0.00000,0.00000,0.00000,0.00000,0.00000,0.00000,0.00000,0.00000,0.00000,0.00000,0.00000,0.00000,0.00000,0.00000,0.00000,0.00000,0.00000,0.00000,0.00000,0.00000,0.00000,0.00000,0.00000,0.00000
0.00000,0.00000,0.00000,0.00000,0.00000,0.00000,0.00000,0.00000,0.00000,0.00000,0.00000,0.00000,0.00000,0.00000,0.00000,0.00000,0.00000,0.00000,0.00000,0.00000,0.00000,0.00000,0.00000,0.00000,0.00000,0.00000,0.00000,0.00000,0.00000,0.00000,0.00000,0.00000,0.00000,0.00000,0.00000,0.00000,0.00000,0.00000,0.00000,0.00000,0.00000,0.00000,0.00000,0.00000,0.00000,0.00000,0.00000,0.00000,0.00000,0.00000,0.00000,0.00000,0.00000,0.00000,0.00000
9.59107e-21,-3.86320e-20,6.37506e-20,-6.88633e-20,4.18878e-20,1.17675e-19,-1.94426e-19,7.15481e-20,-4.45836e-19,4.65042e-19,-4.42254e-19,-7.45447e-19,5.86963e-19,-1.94795e-19,5.91740e-19,1.01987e-19,1.38771e-19,-1.20899e-19,-2.13053e-19,2.26981e-20,-2.54360e-19,2.92935e-20,-1.80740e-19,-1.61170e-19,1.26660e-19,3.60275e-20,3.86575e-19,6.51310e-20,-1.85108e-19,1.99519e-19,-1.97421e-19,-6.58174e-19,-4.70896e-20,6.84419e-19,-4.74181e-19,1.59076e-19,5.80141e-19,1.04901e-18,7.30438e-19,-1.78229e-18,5.05994e-19,-3.17082e-19,1.75633e-19,9.17493e-20,-6.97262e-19,-6.72051e-19,-1.02843e-18,-3.52485e-19,2.27125e-18,2.66938e-18,-1.01137e-18,-6.10674e-21,2.75250e-18,3.63808e-19,1.45115e-18
2.14831e-20,-4.17896e-20,-3.38890e-21,-7.69786e-21,6.99554e-20,-6.97306e-20,1.37914e-20,4.08837e-20,7.82301e-21,-9.03401e-20,5.10364e-20,8.75632e-20,-1.26046e-19,-3.34105e-20,-1.24457e-19,-1.02242e-19,4.70179e-20,3.12721e-20,-3.74857e-20,1.04462e-19,1.16810e-20,3.64284e-20,2.63205e-19,1.26723e-19,1.49754e-19,2.25563e-20,-2.42038e-20,7.55109e-20,-8.83629e-20,-6.31845e-20,-2.12736e-19,1.42152e-19,3.51980e-20,1.43559e-19,4.60138e-20,-1.59381e-19,1.77086e-19,-7.45072e-21,-1.14576e-19,3.97181e-20,7.93643e-20,1.98593e-19,-1.53698e-19,-2.79875e-19,5.50836e-19,-6.73512e-19,-5.81969e-19,-1.29910e-20,3.08065e-19,2.28677e-19,3.96060e-19,9.53404e-20,-7.86744e-20,-4.05549e-20,1.46039e-19
2.04392e-20,-3.30857e-20,-1.42593e-20,1.48524e-20,-1.14200e-20,-5.55877e-20,-6.68218e-20,4.21852e-20,-7.44906e-20,2.79289e-20,1.71734e-20,-4.73139e-20,-4.65571e-20,-3.59608e-20,1.34275e-20,2.54679e-20,-8.78377e-20,-1.01472e-19,1.55060e-19,9.13024e-20,-8.58838e-20,4.98889e-20,-1.19743e-20,-8.63846e-20,-7.29309e-20,1.14388e-19,3.52803e-21,9.51636e-20,1.97263e-19,-1.23296e-19,1.86039e-20,-5.33984e-20,2.69906e-20,-2.28221e-19,-4.18815e-20,-6.49876e-20,6.94929e-20,-3.70151e-20,-2.06862e-19,-1.83744e-19,7.89714e-20,-4.76137e-20,-4.64105e-19,-1.45690e-19,2.31031e-19,-6.13842e-19,6.21025e-21,5.24357e-20,-4.04961e-20,1.25188e-19,1.14278e-19,5.88264e-20,1.89145e-19,-5.89547e-20,1.73791e-19
2.12403e-20,-3.11703e-20,2.99994e-21,2.83556e-20,-5.72144e-20,-1.25544e-20,-1.62045e-20,-1.25453e-20,1.09155e-20,7.01923e-20,-3.96273e-20,7.80954e-21,1.27744e-20,2.31042e-20,5.72977e-20,6.57465e-20,-6.74572e-20,7.83920e-20,-1.54794e-19,-1.34477e-19,1.83365e-19,4.81822e-21,-2.91770e-20,-2.99358e-20,1.69646e-19,-1.79166e-19,6.90747e-20,-9.20294e-20,-1.83327e-19,9.43122e-20,5.37370e-20,-3.55986e-20,-5.44250e-20,1.22024e-19,5.48157e-20,9.93348e-20,-8.08700e-20,3.31458e-20,1.22199e-19,1.01652e-19,-5.24790e-20,8.93437e-21,3.10398e-19,1.46900e-19,-3.08267e-19,3.94949e-19,1.51100e-19,-2.13128e-20,-1.89635e-19,-1.19079e-19,-2.78554e-19,-6.55053e-20,8.52608e-20,3.90544e-20,-5.95118e-20
2.81138e-20,2.92205e-20,1.99312e-20,-1.91632e-20,-6.28731e-20,-8.41238e-21,4.51938e-20,8.62276e-21,-3.94278e-20,-9.21387e-20,2.96026e-20,-7.10260e-20,1.56895e-20,5.12716e-20,-3.92840e-20,2.77654e-20,2.22495e-20,-6.30335e-20,-2.26412e-20,2.02883e-20,-1.96464e-20,-1.54779e-20,-3.49471e-20,1.08815e-20,3.99293e-21,4.24993e-20,4.85484e-21,-1.65257e-20,-3.27615e-20,-9.73928e-21,-2.02865e-20,1.05299e-20,-6.21809e-21,2.04966e-20,-4.35341e-21,1.54000e-21,3.30808e-23,6.22839e-21,2.13772e-20,1.82072e-20,-5.16900e-21,1.59472e-20,4.55083e-20,1.64223e-20,-2.48205e-20,2.88880e-20,9.08098e-21,-1.31098e-20,-2.68160e-20,-1.65151e-20,-3.42421e-20,-3.54166e-21,2.06797e-20,2.04280e-20,-1.54860e-20
1.07485e-21,1.49321e-21,1.97601e-21,6.32993e-22,-7.30908e-22,-6.56959e-22,2.39579e-21,1.33205e-21,-9.90085e-22,-3.42671e-22,2.89682e-21,-2.33564e-22,1.90416e-21,1.16761e-21,-2.17422e-22,2.30762e-21,5.87431e-22,1.60020e-21,-7.04298e-22,1.72285e-22,-1.57622e-21,-7.50937e-22,-1.19241e-21,-6.46012e-22,1.66295e-21,-1.15960e-21,9.70595e-22,-6.17546e-22,-7.73369e-22,5.49227e-22,4.46673e-22,-3.97168e-22,-2.89946e-22,2.51051e-22,5.14533e-22,6.66832e-22,-1.87909e-22,3.50903e-22,-1.47828e-22,8.77117e-23,-2.30426e-22,-5.04170e-23,5.61765e-22,4.08240e-22,-1.22668e-21,1.88095e-22,5.33265e-22,2.72716e-22,-1.65032e-21,1.01764e-22,-1.64591e-21,-8.75403e-23,1.80931e-21,-1.38413e-22,5.82935e-22
0.00000,0.00000,0.00000,0.00000,0.00000,0.00000,0.00000,0.00000,0.00000,0.00000,0.00000,0.00000,0.00000,0.00000,0.00000,0.00000,0.00000,0.00000,0.00000,0.00000,0.00000,0.00000,0.00000,0.00000,0.00000,0.00000,0.00000,0.00000,0.00000,0.00000,0.00000,0.00000,0.00000,0.00000,0.00000,0.00000,0.00000,0.00000,0.00000,0.00000,0.00000,0.00000,0.00000,0.00000,0.00000,0.00000,0.00000,0.00000,0.00000,0.00000,0.00000,0.00000,0.00000,0.00000,0.00000
2.44379e-20,-1.93628e-20,-1.82824e-21,-2.72685e-21,2.46168e-21,8.67734e-21,6.58568e-22,6.85654e-22,-8.23961e-21,-4.07523e-22,-3.55175e-21,8.31325e-23,-2.24485e-21,1.31605e-21,-6.99291e-22,-1.05715e-21,-1.58777e-21,-1.10639e-21,-2.24624e-21,1.97085e-21,9.99395e-22,-2.40487e-21,-5.50371e-22,7.51276e-22,-8.36124e-22,2.11392e-22,-2.06646e-21,9.27289e-21,-2.46338e-21,-1.26352e-21,-8.09808e-22,-9.35666e-22,-3.28698e-21,-2.61042e-24,9.04779e-23,2.26019e-21,-1.84237e-21,2.66957e-21,3.92992e-21,-8.19900e-22,-5.34415e-21,-1.63863e-23,-1.29009e-21,2.23050e-21,-4.69804e-22,-1.90174e-21,-1.53443e-21,3.98581e-21,-7.84184e-22,1.03877e-21,3.42301e-21,6.63998e-22,2.20830e-21,-6.65245e-24,7.07799e-23
0.00000,0.00000,0.00000,0.00000,0.00000,0.00000,0.00000,0.00000,0.00000,0.00000,0.00000,0.00000,0.00000,0.00000,0.00000,0.00000,0.00000,0.00000,0.00000,0.00000,0.00000,0.00000,0.00000,0.00000,0.00000,0.00000,0.00000,0.00000,0.00000,0.00000,0.00000,0.00000,0.00000,0.00000,0.00000,0.00000,0.00000,0.00000,0.00000,0.00000,0.00000,0.00000,0.00000,0.00000,0.00000,0.00000,0.00000,0.00000,0.00000,0.00000,0.00000,0.00000,0.00000,0.00000,0.00000
0.00000,0.00000,0.00000,0.00000,0.00000,0.00000,0.00000,0.00000,0.00000,0.00000,0.00000,0.00000,0.00000,0.00000,0.00000,0.00000,0.00000,0.00000,0.00000,0.00000,0.00000,0.00000,0.00000,0.00000,0.00000,0.00000,0.00000,0.00000,0.00000,0.00000,0.00000,0.00000,0.00000,0.00000,0.00000,0.00000,0.00000,0.00000,0.00000,0.00000,0.00000,0.00000,0.00000,0.00000,0.00000,0.00000,0.00000,0.00000,0.00000,0.00000,0.00000,0.00000,0.00000,0.00000,0.00000
8.89811e-21,-1.46834e-21,-3.89995e-21,6.26170e-22,1.35475e-21,3.65440e-22,2.82926e-21,-1.19749e-21,-2.80278e-21,7.94040e-22,1.70215e-21,-3.17847e-22,-2.18416e-21,1.75829e-21,-1.28389e-21,-5.13757e-22,3.56513e-23,-1.42915e-21,-8.98982e-22,5.37368e-22,2.34740e-21,-6.93393e-22,2.38286e-21,-2.07942e-21,1.25984e-21,-4.21552e-22,1.91466e-21,6.26470e-22,-1.05068e-21,-8.50575e-22,8.80086e-22,-1.80901e-21,6.13117e-22,1.89129e-21,1.82740e-21,-2.30828e-21,4.48377e-21,-4.12837e-21,2.36206e-21,-2.85776e-21,-4.27913e-21,-1.77863e-22,1.62823e-21,-8.76622e-21,3.20033e-21,-4.91146e-21,-1.21423e-20,-4.16202e-21,1.66295e-21,-2.01174e-21,-3.35926e-21,-4.94361e-22,1.44197e-20,2.96802e-21,9.51793e-21
0.00000,0.00000,0.00000,0.00000,0.00000,0.00000,0.00000,0.00000,0.00000,0.00000,0.00000,0.00000,0.00000,0.00000,0.00000,0.00000,0.00000,0.00000,0.00000,0.00000,0.00000,0.00000,0.00000,0.00000,0.00000,0.00000,0.00000,0.00000,0.00000,0.00000,0.00000,0.00000,0.00000,0.00000,0.00000,0.00000,0.00000,0.00000,0.00000,0.00000,0.00000,0.00000,0.00000,0.00000,0.00000,0.00000,0.00000,0.00000,0.00000,0.00000,0.00000,0.00000,0.00000,0.00000,0.00000
0.00000,0.00000,0.00000,0.00000,0.00000,0.00000,0.00000,0.00000,0.00000,0.00000,0.00000,0.00000,0.00000,0.00000,0.00000,0.00000,0.00000,0.00000,0.00000,0.00000,0.00000,0.00000,0.00000,0.00000,0.00000,0.00000,0.00000,0.00000,0.00000,0.00000,0.00000,0.00000,0.00000,0.00000,0.00000,0.00000,0.00000,0.00000,0.00000,0.00000,0.00000,0.00000,0.00000,0.00000,0.00000,0.00000,0.00000,0.00000,0.00000,0.00000,0.00000,0.00000,0.00000,0.00000,0.00000
0.00000,0.00000,0.00000,0.00000,0.00000,0.00000,0.00000,0.00000,0.00000,0.00000,0.00000,0.00000,0.00000,0.00000,0.00000,0.00000,0.00000,0.00000,0.00000,0.00000,0.00000,0.00000,0.00000,0.00000,0.00000,0.00000,0.00000,0.00000,0.00000,0.00000,0.00000,0.00000,0.00000,0.00000,0.00000,0.00000,0.00000,0.00000,0.00000,0.00000,0.00000,0.00000,0.00000,0.00000,0.00000,0.00000,0.00000,0.00000,0.00000,0.00000,0.00000,0.00000,0.00000,0.00000,0.00000
0.00000,0.00000,0.00000,0.00000,0.00000,0.00000,0.00000,0.00000,0.00000,0.00000,0.00000,0.00000,0.00000,0.00000,0.00000,0.00000,0.00000,0.00000,0.00000,0.00000,0.00000,0.00000,0.00000,0.00000,0.00000,0.00000,0.00000,0.00000,0.00000,0.00000,0.00000,0.00000,0.00000,0.00000,0.00000,0.00000,0.00000,0.00000,0.00000,0.00000,0.00000,0.00000,0.00000,0.00000,0.00000,0.00000,0.00000,0.00000,0.00000,0.00000,0.00000,0.00000,0.00000,0.00000,0.00000
0.00000,0.00000,0.00000,0.00000,0.00000,0.00000,0.00000,0.00000,0.00000,0.00000,0.00000,0.00000,0.00000,0.00000,0.00000,0.00000,0.00000,0.00000,0.00000,0.00000,0.00000,0.00000,0.00000,0.00000,0.00000,0.00000,0.00000,0.00000,0.00000,0.00000,0.00000,0.00000,0.00000,0.00000,0.00000,0.00000,0.00000,0.00000,0.00000,0.00000,0.00000,0.00000,0.00000,0.00000,0.00000,0.00000,0.00000,0.00000,0.00000,0.00000,0.00000,0.00000,0.00000,0.00000,0.00000
0.00000,0.00000,0.00000,0.00000,0.00000,0.00000,0.00000,0.00000,0.00000,0.00000,0.00000,0.00000,0.00000,0.00000,0.00000,0.00000,0.00000,0.00000,0.00000,0.00000,0.00000,0.00000,0.00000,0.00000,0.00000,0.00000,0.00000,0.00000,0.00000,0.00000,0.00000,0.00000,0.00000,0.00000,0.00000,0.00000,0.00000,0.00000,0.00000,0.00000,0.00000,0.00000,0.00000,0.00000,0.00000,0.00000,0.00000,0.00000,0.00000,0.00000,0.00000,0.00000,0.00000,0.00000,0.00000
0.00000,0.00000,0.00000,0.00000,0.00000,0.00000,0.00000,0.00000,0.00000,0.00000,0.00000,0.00000,0.00000,0.00000,0.00000,0.00000,0.00000,0.00000,0.00000,0.00000,0.00000,0.00000,0.00000,0.00000,0.00000,0.00000,0.00000,0.00000,0.00000,0.00000,0.00000,0.00000,0.00000,0.00000,0.00000,0.00000,0.00000,0.00000,0.00000,0.00000,0.00000,0.00000,0.00000,0.00000,0.00000,0.00000,0.00000,0.00000,0.00000,0.00000,0.00000,0.00000,0.00000,0.00000,0.00000
3.70025e-22,-6.41532e-22,-4.73776e-22,-3.63131e-22,-4.97438e-23,7.95043e-22,2.07155e-22,1.39659e-22,4.28090e-23,-1.88962e-22,2.92653e-23,-3.73110e-22,-3.52271e-22,-3.35622e-23,-3.50695e-22,-7.64124e-23,1.70834e-22,2.15304e-22,1.26306e-22,-1.43068e-22,4.63691e-22,4.19792e-23,2.99054e-22,-1.43482e-24,3.94087e-22,1.55188e-22,5.57515e-22,6.69458e-22,-5.82383e-22,1.81666e-22,5.69586e-22,-3.96360e-22,2.48182e-22,-2.48247e-22,-2.84993e-22,-4.89818e-22,2.10252e-22,-2.00368e-22,-2.63812e-22,2.95276e-22,-6.33765e-23,2.96726e-22,1.63707e-22,-5.78570e-23,3.44302e-22,-4.02805e-22,1.29441e-22,1.85170e-22,3.17528e-22,4.80413e-22,2.95868e-23,-2.44394e-23,-6.43227e-23,-8.42429e-23,5.33009e-24
0.00000,0.00000,0.00000,0.00000,0.00000,0.00000,0.00000,0.00000,0.00000,0.00000,0.00000,0.00000,0.00000,0.00000,0.00000,0.00000,0.00000,0.00000,0.00000,0.00000,0.00000,0.00000,0.00000,0.00000,0.00000,0.00000,0.00000,0.00000,0.00000,0.00000,0.00000,0.00000,0.00000,0.00000,0.00000,0.00000,0.00000,0.00000,0.00000,0.00000,0.00000,0.00000,0.00000,0.00000,0.00000,0.00000,0.00000,0.00000,0.00000,0.00000,0.00000,0.00000,0.00000,0.00000,0.00000
6.97145e-22,-1.19668e-21,-8.74865e-22,-5.96801e-22,-8.19148e-23,1.33849e-21,3.30716e-22,2.66945e-22,3.04825e-23,-3.34810e-22,2.99064e-23,-6.95638e-22,-5.96328e-22,-1.46773e-23,-6.10571e-22,-1.25131e-22,2.95705e-22,3.59923e-22,2.03724e-22,-2.32587e-22,7.80212e-22,6.44563e-23,5.03860e-22,-6.52425e-24,6.68309e-22,2.73705e-22,9.76001e-22,1.16511e-21,-9.83253e-22,3.00200e-22,9.65406e-22,-6.75341e-22,3.98581e-22,-4.01681e-22,-5.07850e-22,-8.34272e-22,3.69252e-22,-3.21424e-22,-4.48597e-22,5.05081e-22,-1.09846e-22,5.09213e-22,2.97138e-22,-9.47812e-23,5.79467e-22,-6.91156e-22,2.21448e-22,3.28248e-22,5.26447e-22,8.12366e-22,4.34844e-23,-4.77830e-23,-1.08053e-22,-1.38960e-22,8.90279e-24
1.51043e-20,-2.31441e-21,-6.70886e-21,1.09824e-21,2.36520e-21,6.03992e-22,4.90800e-21,-2.10609e-21,-4.89202e-21,1.37775e-21,3.00099e-21,-5.00303e-22,-3.73088e-21,3.03118e-21,-2.15456e-21,-8.93678e-22,2.44699e-23,-2.52356e-21,-1.56403e-21,9.52887e-22,4.01926e-21,-1.20978e-21,4.11237e-21,-3.62037e-21,2.14309e-21,-7.72563e-22,3.24599e-21,9.70993e-22,-1.73586e-21,-1.50283e-21,1.44522e-21,-3.06923e-21,1.01852e-21,3.32582e-21,3.23178e-21,-3.95603e-21,7.77129e-21,-7.14449e-21,4.17559e-21,-5.02555e-21,-7.42530e-21,-3.68582e-22,2.79757e-21,-1.52500e-20,5.50188e-21,-8.46356e-21,-2.11736e-20,-7.23822e-21,2.84870e-21,-3.62919e-21,-5.84551e-21,-8.54229e-22,2.50596e-20,5.21026e-21,1.65761e-20
5.72333e-21,-9.27979e-21,-6.59173e-21,-5.30323e-22,-1.25153e-21,1.58532e-21,-1.32830e-21,-4.46163e-23,-2.23312e-21,-3.47691e-21,-8.44577e-22,-5.37016e-21,-2.23340e-21,2.03569e-21,-4.13955e-21,-2.13014e-21,1.01510e-21,1.16844e-21,-5.04300e-22,-5.33963e-22,1.03090e-21,-1.98364e-21,-1.06589e-21,-2.00365e-21,4.48799e-22,2.65593e-21,4.25140e-21,1.77311e-21,-2.75186e-21,2.38771e-21,3.81345e-21,-3.40956e-21,7.65229e-23,5.73185e-22,-2.20711e-21,-1.19721e-21,4.91549e-22,-2.32339e-22,-5.57730e-22,6.75872e-22,6.66759e-23,2.27097e-22,-9.17549e-22,-6.71175e-22,3.00016e-21,-4.24482e-21,2.30341e-21,5.59907e-21,3.57058e-21,4.40368e-21,-5.38123e-21,-2.39343e-21,-1.69373e-22,1.64089e-21,-5.85522e-22
4.23166e-21,-7.53031e-21,-5.99073e-21,-8.19882e-21,-2.74914e-21,1.46651e-20,3.28666e-21,-3.40982e-21,5.59996e-21,-4.32274e-21,2.17531e-21,4.03602e-22,-8.99885e-21,-6.44348e-21,-6.08874e-21,-2.80438e-21,4.64322e-21,5.23272e-21,3.59361e-21,-4.79389e-21,1.13009e-20,8.18082e-22,9.11186e-21,9.46592e-22,1.20784e-20,6.83423e-21,2.43012e-20,2.29414e-20,-6.75768e-21,-1.66858e-21,7.90524e-21,-6.08989e-21,-7.93749e-21,4.56734e-21,-9.93460e-21,-2.99433e-21,3.33946e-21,4.21738e-21,-9.67464e-22,1.34645e-21,-7.94375e-22,2.82421e-21,3.56051e-21,-1.48800e-23,-4.56125e-22,4.52113e-22,-7.98225e-22,1.53204e-22,-2.12610e-21,-8.32263e-22,7.21877e-22,-4.35736e-22,7.46170e-23,9.69611e-22,5.05994e-22
7.58481e-21,-1.23706e-20,-8.94508e-21,-1.22881e-21,-2.44574e-21,2.52880e-21,-1.66711e-21,-7.31825e-22,-3.30822e-21,-6.01045e-21,-9.15275e-22,-8.20324e-21,-3.19606e-21,3.32599e-21,-5.75034e-21,-9.18842e-22,1.01309e-21,1.13506e-21,-9.26632e-22,8.94427e-23,2.04847e-21,-7.47918e-22,-8.21516e-22,-1.82729e-21,-1.22075e-21,1.78393e-21,6.82914e-21,3.15211e-21,-2.39259e-21,3.87647e-21,4.57724e-21,-5.65771e-21,3.25285e-21,4.59044e-22,-5.05853e-21,-2.42878e-21,3.33110e-21,1.82733e-21,-8.07158e-23,7.35409e-22,-3.43037e-22,9.21010e-22,2.54511e-22,1.44317e-22,2.08924e-21,-2.57245e-21,8.99658e-22,3.08103e-21,1.14249e-20,1.12007e-20,-4.66566e-22,-9.98647e-22,1.29417e-23,-2.27653e-21,-1.72504e-21
1.72711e-20,-2.77372e-20,-1.11861e-20,-2.10097e-20,1.90760e-20,4.75023e-20,4.20786e-20,5.37954e-20,-3.42490e-20,-1.13293e-20,-4.21837e-21,-8.73680e-20,4.54748e-21,5.93273e-20,-8.94290e-20,1.32241e-21,-1.53625e-20,-6.41581e-21,-4.53679e-20,2.26003e-20,-5.37498e-20,1.92517e-20,2.84600e-20,4.71490e-20,1.68277e-20,4.07617e-20,-7.11438e-20,-9.07693e-20,4.52751e-20,4.49773e-20,-6.89684e-20,2.65836e-20,7.83367e-20,-7.63639e-20,5.50557e-20,-2.31274e-20,-1.37083e-20,-6.54798e-20,-1.86555e-20,2.37547e-20,-2.93615e-21,7.73743e-21,-1.63404e-20,-8.97087e-21,4.13672e-20,-4.80864e-20,2.14362e-20,2.59101e-20,4.98971e-20,5.72952e-20,-8.47552e-21,-2.28471e-21,-6.70918e-21,-1.30371e-20,-4.15158e-21
1.71670e-20,-3.02874e-20,-2.02565e-20,2.86114e-21,1.80328e-20,2.20847e-20,1.67426e-20,4.70103e-20,-1.17101e-20,2.25955e-20,-6.17142e-21,-3.39140e-20,1.51175e-20,1.97774e-20,2.28858e-20,5.73068e-21,-9.38952e-21,-8.36409e-21,7.19541e-21,3.20391e-21,-1.16443e-20,-1.29590e-20,-6.45868e-20,-4.33681e-20,-7.26242e-20,-9.36416e-20,-4.61169e-20,4.04705e-20,-8.45542e-20,-5.10767e-20,9.79003e-20,-3.19206e-20,-6.79780e-20,6.91902e-20,-3.97618e-20,3.27600e-20,2.91806e-22,4.57503e-20,2.07845e-20,-2.60438e-20,5.89891e-21,-1.14263e-20,-1.71655e-20,4.01159e-21,-2.50890e-20,4.89584e-20,-2.34343e-20,-5.04504e-20,-5.45672e-21,-2.29699e-20,3.04489e-20,1.40938e-20,2.72778e-21,-7.02547e-21,2.49834e-21
1.67087e-20,-3.09640e-20,-2.96784e-20,2.47600e-20,-1.89691e-21,-1.95557e-20,-3.42174e-20,2.69052e-20,-2.96634e-20,1.96782e-20,-2.50554e-20,-7.65173e-22,2.21012e-20,1.45864e-20,8.33941e-20,2.41719e-20,7.18441e-21,-1.11712e-20,3.39738e-20,-8.90972e-21,4.74878e-20,-2.50396e-20,-5.76127e-21,-3.05485e-20,9.57188e-21,6.38996e-20,8.72295e-20,-2.79180e-20,7.76597e-20,7.94918e-20,-7.70984e-20,1.19298e-20,1.12124e-19,-7.41522e-20,3.24488e-21,-7.82167e-20,5.62524e-20,5.42737e-21,-3.79325e-20,3.93400e-20,-2.01889e-20,2.22225e-20,9.65602e-20,9.46617e-21,-2.25184e-20,-1.78105e-20,1.47504e-20,7.85926e-20,-1.29428e-19,-8.69058e-20,-6.24408e-20,-2.65437e-20,5.00642e-21,5.35149e-20,6.38793e-21
1.69208e-20,-2.61767e-20,-2.05892e-20,1.21250e-20,-1.44991e-20,-2.91779e-20,-2.62445e-20,-2.13406e-20,-1.15241e-20,-2.01937e-20,-5.08683e-21,-5.52700e-21,-3.63181e-21,5.03677e-21,1.50521e-21,-6.68529e-22,3.06723e-21,-2.98831e-22,-8.47719e-24,1.06152e-21,5.85049e-21,-5.95901e-21,-9.29455e-21,-1.10039e-20,-1.33575e-20,8.06894e-21,2.71854e-20,-2.94638e-21,1.82558e-20,1.08984e-20,-1.62614e-20,-2.37891e-21,1.88930e-20,-8.07745e-21,2.96588e-21,-2.74760e-21,1.57003e-21,-3.73648e-21,3.60363e-22,2.19546e-21,2.02931e-22,-1.24094e-21,-3.38247e-21,6.43339e-22,1.28534e-20,-2.30310e-20,1.08828e-20,2.69042e-20,5.13716e-20,5.00391e-20,-1.43251e-20,-9.39229e-21,8.29584e-22,-7.99522e-21,-9.47457e-21
1.68328e-20,-2.61482e-20,-1.59477e-20,1.25728e-20,8.42175e-21,-1.05647e-20,-7.09984e-21,1.21781e-20,-8.19574e-21,5.29457e-21,-4.14097e-21,-1.01819e-20,2.77524e-21,6.40909e-21,-4.96836e-21,-9.27826e-21,2.35202e-21,-7.37475e-22,-5.02878e-21,-1.83775e-21,-6.87088e-21,1.14237e-21,3.69522e-23,2.60080e-21,-2.69659e-21,-9.04680e-21,-1.10363e-20,-3.18070e-21,-3.23442e-22,1.91114e-21,-5.07219e-21,5.85658e-22,1.25820e-20,-7.65570e-21,1.49905e-21,-6.41017e-21,4.02825e-21,-2.52745e-22,-7.85801e-22,7.09231e-22,-1.05716e-21,7.30813e-22,8.83875e-22,7.28054e-22,1.28438e-21,-2.26121e-21,1.35198e-21,7.92594e-21,2.15300e-20,1.92637e-20,-5.17920e-21,-2.05592e-21,6.05194e-22,-1.75340e-21,-3.90414e-21
1.72451e-20,-5.70896e-21,1.71334e-20,-9.00476e-22,-5.06843e-21,-6.12502e-23,1.63437e-20,-1.27459e-20,8.21033e-21,-1.27510e-21,-2.44856e-21,1.24836e-21,-1.98021e-21,1.02658e-20,4.77787e-21,8.06194e-21,-5.41976e-21,-3.59687e-21,6.14062e-21,6.29354e-21,-4.68575e-22,3.16531e-21,-6.05121e-21,-6.15401e-21,1.92981e-21,5.66374e-21,9.34149e-22,-2.71039e-21,-7.26040e-22,3.31925e-21,1.73376e-21,-2.47275e-21,-3.64077e-21,4.20723e-21,7.82617e-22,7.50590e-21,-7.92152e-21,-1.47962e-20,-3.56989e-21,6.15256e-21,1.46345e-21,2.73308e-21,1.56166e-21,-1.63274e-21,-4.99970e-22,1.30925e-21,-6.19169e-21,-6.45946e-21,-1.47464e-20,-2.46221e-20,-7.26910e-21,6.16315e-21,-1.27145e-20,9.05890e-21,1.27918e-20
1.70253e-20,-5.03867e-21,1.03848e-20,-2.89165e-21,7.41421e-21,-4.62090e-21,4.24957e-21,2.60586e-21,1.83239e-21,3.64728e-21,-4.55653e-22,7.52146e-21,-1.19866e-21,-5.28310e-22,-6.84822e-23,-4.78198e-21,-4.47555e-21,1.61650e-22,1.97600e-21,-3.38147e-22,8.08371e-23,-1.85756e-21,-1.32180e-21,2.37222e-21,1.70329e-21,1.69146e-21,1.60003e-21,-3.72417e-21,-8.27403e-22,1.19498e-21,2.12043e-21,1.21755e-21,-1.46933e-21,1.39167e-22,-1.28332e-21,4.12116e-22,1.42835e-21,2.31271e-22,3.80194e-21,-1.41985e-21,2.33898e-21,-1.71702e-21,-3.65023e-21,1.34537e-21,1.87082e-21,-2.73051e-21,-3.22535e-21,4.48574e-21,5.40270e-21,-2.42286e-21,-4.32801e-21,3.67656e-21,-5.74136e-21,3.82544e-21,3.95450e-21
1.68580e-20,4.19073e-21,2.93883e-21,6.81013e-22,3.41732e-21,-1.18082e-21,2.10779e-21,2.60722e-21,5.94165e-21,4.37368e-21,-5.03194e-21,3.11239e-21,1.92346e-21,-3.31564e-22,7.72816e-22,4.30425e-22,-2.07660e-22,-1.90867e-22,-7.17271e-22,-1.78273e-22,7.95061e-22,2.20846e-23,3.05129e-21,1.98447e-22,4.42922e-21,-3.85262e-22,-1.41348e-21,-5.39732e-22,-4.81981e-22,-3.73690e-21,1.65870e-21,4.90531e-21,1.00343e-21,-5.00723e-22,-3.85183e-22,-3.05486e-22,-2.71004e-21,-5.34751e-22,-3.45262e-21,-1.69943e-21,-1.39773e-21,6.94970e-23,1.75515e-21,-4.54590e-21,7.88506e-22,-2.30486e-21,1.58850e-21,1.45427e-22,-5.09101e-21,-5.77238e-21,4.04410e-21,1.40094e-21,-8.13471e-21,-6.23360e-22,2.45094e-21
1.67316e-20,1.19832e-20,6.63971e-21,-4.88744e-21,-3.76399e-21,3.82211e-21,-1.70964e-20,4.44576e-21,-1.06545e-20,7.62337e-21,2.67036e-21,-4.57288e-21,3.69910e-21,-1.20648e-20,-8.20769e-21,-6.33305e-22,-4.11886e-21,5.08281e-22,3.76679e-21,5.11984e-21,5.35404e-21,-8.95524e-21,4.05090e-21,7.38247e-21,-7.34850e-21,1.53662e-21,3.74779e-22,-3.52936e-22,-2.84271e-21,-2.53553e-21,-1.41851e-21,-5.48093e-22,1.58473e-21,1.73401e-21,8.52080e-22,-2.52762e-21,-4.79439e-21,7.14284e-21,-5.62818e-21,-6.34843e-21,-4.79639e-21,-1.77600e-21,4.50413e-22,-9.83335e-21,-1.90835e-21,3.01232e-21,1.63650e-20,-9.59488e-22,-9.40880e-21,9.04958e-21,1.99077e-21,2.53308e-21,2.35749e-20,2.09457e-22,-8.91287e-21
1.62642e-20,2.49669e-20,-2.76675e-20,9.99165e-21,3.93017e-21,1.69097e-21,1.86824e-20,-1.28078e-20,-1.53003e-20,9.33586e-21,1.56904e-20,4.80186e-21,-8.53061e-21,7.22684e-21,-1.94086e-21,-2.41668e-21,-7.82445e-22,-1.36149e-20,-8.21632e-21,5.02684e-21,1.17294e-20,-5.62868e-21,1.38985e-20,-1.60073e-20,3.47642e-21,-6.11280e-21,2.84170e-21,-8.40969e-21,8.82368e-22,-8.72899e-21,-2.99257e-21,-7.12707e-21,2.57488e-21,1.64698e-20,2.04035e-20,-8.88271e-21,2.89303e-20,-2.92190e-20,2.17970e-20,-2.65073e-20,-3.07653e-20,-6.61927e-21,8.08495e-21,-6.49687e-20,1.87408e-20,-2.96088e-20,-9.30171e-20,-3.60880e-20,8.11695e-21,-2.29413e-20,-2.51887e-20,-2.47995e-21,1.08675e-19,2.32433e-20,7.15183e-20
0.00000,0.00000,0.00000,0.00000,0.00000,0.00000,0.00000,0.00000,0.00000,0.00000,0.00000,0.00000,0.00000,0.00000,0.00000,0.00000,0.00000,0.00000,0.00000,0.00000,0.00000,0.00000,0.00000,0.00000,0.00000,0.00000,0.00000,0.00000,0.00000,0.00000,0.00000,0.00000,0.00000,0.00000,0.00000,0.00000,0.00000,0.00000,0.00000,0.00000,0.00000,0.00000,0.00000,0.00000,0.00000,0.00000,0.00000,0.00000,0.00000,0.00000,0.00000,0.00000,0.00000,0.00000,0.00000
0.00000,0.00000,0.00000,0.00000,0.00000,0.00000,0.00000,0.00000,0.00000,0.00000,0.00000,0.00000,0.00000,0.00000,0.00000,0.00000,0.00000,0.00000,0.00000,0.00000,0.00000,0.00000,0.00000,0.00000,0.00000,0.00000,0.00000,0.00000,0.00000,0.00000,0.00000,0.00000,0.00000,0.00000,0.00000,0.00000,0.00000,0.00000,0.00000,0.00000,0.00000,0.00000,0.00000,0.00000,0.00000,0.00000,0.00000,0.00000,0.00000,0.00000,0.00000,0.00000,0.00000,0.00000,0.00000
0.00000,0.00000,0.00000,0.00000,0.00000,0.00000,0.00000,0.00000,0.00000,0.00000,0.00000,0.00000,0.00000,0.00000,0.00000,0.00000,0.00000,0.00000,0.00000,0.00000,0.00000,0.00000,0.00000,0.00000,0.00000,0.00000,0.00000,0.00000,0.00000,0.00000,0.00000,0.00000,0.00000,0.00000,0.00000,0.00000,0.00000,0.00000,0.00000,0.00000,0.00000,0.00000,0.00000,0.00000,0.00000,0.00000,0.00000,0.00000,0.00000,0.00000,0.00000,0.00000,0.00000,0.00000,0.00000
0.00000,0.00000,0.00000,0.00000,0.00000,0.00000,0.00000,0.00000,0.00000,0.00000,0.00000,0.00000,0.00000,0.00000,0.00000,0.00000,0.00000,0.00000,0.00000,0.00000,0.00000,0.00000,0.00000,0.00000,0.00000,0.00000,0.00000,0.00000,0.00000,0.00000,0.00000,0.00000,0.00000,0.00000,0.00000,0.00000,0.00000,0.00000,0.00000,0.00000,0.00000,0.00000,0.00000,0.00000,0.00000,0.00000,0.00000,0.00000,0.00000,0.00000,0.00000,0.00000,0.00000,0.00000,0.00000
1.57221e-25,-3.23067e-25,-3.72509e-25,-3.11096e-25,-2.52958e-25,6.03236e-25,-1.75785e-25,-2.65610e-25,3.62907e-25,-1.39137e-25,1.74310e-25,2.85107e-25,-1.56806e-25,-7.82962e-25,5.43621e-25,-1.35544e-25,4.92111e-26,2.06267e-25,4.43693e-25,-4.51009e-25,6.85452e-25,3.61887e-25,-6.05301e-25,-1.76050e-26,-7.33519e-25,-6.78424e-25,-1.75588e-24,-1.95256e-24,9.63029e-25,-3.27974e-26,-1.61718e-24,1.32641e-24,-1.94587e-25,5.14176e-26,2.62950e-24,3.08870e-24,-1.80442e-24,9.10932e-25,1.74473e-24,-1.94859e-24,2.65959e-25,-2.15558e-24,-1.23599e-24,4.25547e-25,-2.23829e-24,2.98633e-24,-8.89063e-25,-1.04665e-24,-2.21888e-24,-3.52672e-24,-4.52539e-25,1.14149e-25,5.46291e-25,6.70020e-25,-1.19444e-25
1.69676e-20,-3.06024e-20,-2.58536e-20,-3.39204e-20,-1.71250e-20,5.98060e-20,9.62235e-21,-2.94946e-20,3.64802e-20,-1.92291e-20,1.01850e-20,2.05560e-20,-4.80068e-20,-4.67625e-20,-1.53851e-21,-1.50011e-20,1.97208e-20,1.18590e-20,5.11652e-21,-1.55853e-20,6.63430e-20,-3.16657e-21,3.05482e-20,-1.35872e-20,7.26360e-20,2.51912e-20,1.51115e-19,1.82955e-19,-8.44101e-20,-1.09503e-20,1.42173e-19,-8.02137e-20,-7.37778e-20,9.96990e-20,-1.87746e-19,-1.18570e-19,1.42192e-19,1.15496e-19,-5.47028e-20,6.46082e-20,-2.28324e-20,8.20385e-20,2.21615e-19,3.29109e-20,-1.11895e-20,-1.17861e-19,3.64984e-20,1.63081e-19,-6.84028e-20,2.74949e-20,-7.88221e-20,-5.92087e-20,6.06401e-21,3.38249e-20,-4.37980e-21
1.71938e-20,-2.67217e-20,-7.56502e-21,-2.29478e-20,2.43346e-20,4.74429e-20,4.69863e-20,6.74589e-20,-5.56999e-20,-1.74673e-20,-7.46287e-21,-1.14545e-19,6.58754e-21,9.08386e-20,-1.33718e-19,2.63655e-21,-1.69083e-20,-1.07186e-21,-6.33534e-20,2.94411e-20,-5.94697e-20,2.93943e-20,5.88577e-20,7.98361e-20,2.68742e-20,8.74632e-20,-1.07056e-19,-1.77489e-19,9.56855e-20,8.63143e-20,-1.77254e-19,6.91536e-20,2.64069e-19,-2.73573e-19,1.97898e-19,-9.60617e-20,-8.53579e-20,-3.20465e-19,-8.22178e-20,1.12033e-19,8.95619e-21,7.45167e-20,-1.25412e-19,-5.62706e-20,2.82000e-19,-3.03505e-19,1.10305e-19,2.80477e-20,4.55019e-19,4.68749e-19,8.26421e-20,2.63904e-20,-5.99726e-20,-1.72760e-19,-1.58524e-20
-1.69949e-21,2.59423e-21,4.24763e-22,1.26341e-21,-3.26995e-21,-3.79724e-21,-5.49844e-21,-8.41437e-21,6.70787e-21,1.53464e-21,1.27652e-21,1.41416e-20,-1.22585e-21,-9.92332e-21,1.15332e-20,-2.63296e-22,4.50357e-21,3.67286e-21,1.12842e-20,-6.73648e-21,8.23219e-21,-3.64751e-21,-1.11586e-21,-6.15177e-21,-2.56194e-21,-4.13653e-21,2.60452e-20,2.26982e-20,1.68871e-21,-1.73210e-20,-2.14587e-21,2.33605e-21,-3.26348e-20,2.08029e-20,-5.17349e-22,3.13773e-20,-1.69529e-20,1.27301e-20,1.87730e-20,-2.15492e-20,4.39752e-21,-1.62925e-20,-3.06592e-20,-2.57132e-21,-1.92594e-20,4.75605e-20,-1.88930e-20,-4.45735e-20,-1.64953e-20,-3.61083e-20,2.04338e-20,1.25137e-20,1.78449e-21,1.78057e-21,4.08493e-21
