0,50,55,55
1.61564835471e-32,-2.62276115899e-32,-1.13633028938e-32,1.15728448847e-32,-1.02230150652e-32,-4.99887072181e-32,-5.57517770701e-32,2.81363878679e-32,-6.20628937327e-32,4.75104506450e-32,-7.84136155241e-33,-6.62748120540e-32,-1.79150370279e-32,-3.85855977892e-32,3.52060726401e-32,2.40864649744e-32,-7.18337072572e-32,-8.17710922613e-32,1.04794757172e-31,5.97028260593e-32,-8.10543719059e-32,3.01213923996e-32,1.06561612070e-33,-7.16695419455e-32,-1.01566610036e-31,3.25780335800e-32,1.60035060737e-32,6.52631477750e-32,1.92381459924e-31,-8.98639109856e-32,7.06735519795e-32,-8.80711372806e-32,8.74319334481e-33,-2.36567418059e-31,-3.03346010661e-32,-1.91642088641e-32,4.19483223823e-32,-3.22342468910e-32,-1.86199627282e-31,-1.92808923023e-31,6.02138467127e-32,-8.02853610198e-32,-4.20369965797e-31,-9.32319612457e-32,1.13830458897e-31,-5.21996447954e-31,1.09154010988e-31,5.40214645074e-32,-1.47248604613e-31,8.66610289050e-32,-5.51136721474e-34,3.68449221983e-32,2.67758148748e-31,-5.28132286615e-32,1.74014433393e-31
1.61588576410e-32,-2.62515611771e-32,-1.13639184238e-32,1.14909290116e-32,-1.03797989633e-32,-4.99457697565e-32,-5.54276622537e-32,2.79357835199e-32,-6.17282279451e-32,4.69592338590e-32,-7.49609726787e-33,-6.52491507712e-32,-1.74984177212e-32,-3.76353986718e-32,3.48725936051e-32,2.46433135357e-32,-7.16625231231e-32,-8.09984898027e-32,1.03751241193e-31,5.87752912883e-32,-8.08286611021e-32,2.91432067536e-32,-3.15971329183e-35,-7.10321343777e-32,-9.99158868086e-32,3.27280670691e-32,1.52209249175e-32,6.37707064732e-32,1.88928806428e-31,-8.83779772297e-32,6.94686565907e-32,-8.65246014799e-32,8.62871812409e-33,-2.32438762776e-31,-3.00448714242e-32,-1.86299840433e-32,4.07438586971e-32,-3.15999438710e-32,-1.82208588781e-31,-1.89111745521e-31,5.89316107754e-32,-7.90851084994e-32,-4.11982612065e-31,-9.07678318053e-32,1.10422494789e-31,-5.10273884919e-31,1.08649329770e-31,5.28040086688e-32,-1.44943618428e-31,8.42085658951e-32,-1.30851498475e-33,3.58561646670e-32,2.62257925239e-31,-5.15640994305e-32,1.69959558017e-31
1.61612161680e-32,-2.62745394857e-32,-1.13640972694e-32,1.14130941045e-32,-1.05276641168e-32,-4.99025100769e-32,-5.51168179273e-32,2.77466037902e-32,-6.14066210848e-32,4.64241328570e-32,-7.15962959502e-33,-6.42587170017e-32,-1.71131940894e-32,-3.67275159397e-32,3.45435514841e-32,2.51681967504e-32,-7.14977879032e-32,-8.02588088922e-32,1.02759234350e-31,5.78942010169e-32,-8.06024293756e-32,2.82175503568e-32,-1.06979309545e-33,-7.04208790552e-32,-9.83290485537e-32,3.28817447745e-32,1.44698266344e-32,6.23539866093e-32,1.85627110960e-31,-8.69617501619e-32,6.83005057019e-32,-8.50331779528e-32,8.52543035989e-33,-2.28482834095e-31,-2.97665037507e-32,-1.81330453767e-32,3.96045369985e-32,-3.09948184546e-32,-1.78401097287e-31,-1.85571475352e-31,5.77110469753e-32,-7.79242000703e-32,-4.03974030191e-31,-8.84356066917e-32,1.07214167593e-31,-4.99102402473e-31,1.08110877420e-31,5.16431375997e-32,-1.42695963726e-31,8.18858781346e-32,-1.98585868626e-33,3.49209770748e-32,2.56975113034e-31,-5.03748321405e-32,1.66089797771e-31
1.61637234049e-32,-2.62995822523e-32,-1.13636773464e-32,1.13280122806e-32,-1.06878689125e-32,-4.98534184537e-32,-5.47743392969e-32,2.75401160927e-32,-6.10514767085e-32,4.58333050993e-32,-6.78841750842e-33,-6.31663436141e-32,-1.67001976707e-32,-3.57333767237e-32,3.41764306593e-32,2.57365760634e-32,-7.13154042236e-32,-7.94443884501e-32,1.01669922579e-31,5.69288691321e-32,-8.03439002252e-32,2.72093040173e-32,-2.19427237621e-33,-6.97473674810e-32,-9.65863795877e-32,3.30459642562e-32,1.36450613133e-32,6.08063570562e-32,1.82007220949e-31,-8.54082084140e-32,6.70128726862e-32,-8.33914794067e-32,8.41561626021e-33,-2.24139989936e-31,-2.94578588548e-32,-1.75944246404e-32,3.83635825643e-32,-3.03321227373e-32,-1.74232873018e-31,-1.81687151391e-31,5.63754298891e-32,-7.66439020843e-32,-3.95199447479e-31,-8.58948737598e-32,1.03729030218e-31,-4.86878975203e-31,1.07480428956e-31,5.03745819151e-32,-1.40205479685e-31,7.93564747932e-32,-2.69974421565e-33,3.39026890333e-32,2.51173814033e-31,-4.90755768704e-32,1.61855897519e-31
1.61667240278e-32,-2.63309969042e-32,-1.13622017629e-32,1.12205201170e-32,-1.08880849069e-32,-4.97886317743e-32,-5.43376932796e-32,2.72796318102e-32,-6.05974912466e-32,4.50785775590e-32,-6.31479582034e-33,-6.17726132379e-32,-1.61901554075e-32,-3.44753038064e-32,3.37020282692e-32,2.64465074318e-32,-7.10814241746e-32,-7.84069618719e-32,1.00286419266e-31,5.57062030910e-32,-8.00007782349e-32,2.59410315313e-32,-3.59922385836e-33,-6.88887495560e-32,-9.43735422194e-32,3.32473032978e-32,1.25981559149e-32,5.88529540071e-32,1.77419353423e-31,-8.34379257585e-32,6.53712369768e-32,-8.13015879566e-32,8.28125257277e-33,-2.18627796874e-31,-2.90615678414e-32,-1.69205633659e-32,3.68025980784e-32,-2.94933007729e-32,-1.68959216533e-31,-1.76760235133e-31,5.46863986485e-32,-7.50105143422e-32,-3.84087167351e-31,-8.26982049140e-32,9.93584884311e-32,-4.71423265025e-31,1.06623772880e-31,4.87729388636e-32,-1.37011934524e-31,7.61754977075e-32,-3.56359120629e-33,3.26222259277e-32,2.43808663567e-31,-4.74356359689e-32,1.56502961275e-31
1.61700773834e-32,-2.63682532604e-32,-1.13590059262e-32,1.10919876209e-32,-1.11242320888e-32,-4.97070600819e-32,-5.38095683691e-32,2.69686712751e-32,-6.00465933519e-32,4.41638151618e-32,-5.74166062114e-33,-6.00856155481e-32,-1.55977469775e-32,-3.29678040028e-32,3.31189852223e-32,2.72832193495e-32,-7.07962723688e-32,-7.71534547195e-32,9.86206336863e-32,5.42392673229e-32,-7.95655437725e-32,2.44326411266e-32,-5.25546939782e-33,-6.78503355599e-32,-9.17105981272e-32,3.34781141467e-32,1.13390511281e-32,5.65196385596e-32,1.71911123529e-31,-8.10702863440e-32,6.33861621204e-32,-7.87790159333e-32,8.12698849476e-33,-2.11997966281e-31,-2.85779745931e-32,-1.61244136920e-32,3.49461038873e-32,-2.84878184540e-32,-1.62641531711e-31,-1.70839354770e-31,5.26641202117e-32,-7.30335598151e-32,-3.70758887626e-31,-7.88952984146e-32,9.41803929420e-32,-4.52921950395e-31,1.05509520825e-31,4.68592471778e-32,-1.33123238028e-31,7.23935006316e-32,-4.54027529831e-33,3.10999655530e-32,2.34948388334e-31,-4.54768444718e-32,1.50096275962e-31
1.61737006778e-32,-2.64108520827e-32,-1.13533615815e-32,1.09441214293e-32,-1.13915310557e-32,-4.96077634714e-32,-5.31935737763e-32,2.66115152097e-32,-5.94015291798e-32,4.30944337295e-32,-5.07294404837e-33,-5.81161115322e-32,-1.49401155391e-32,-3.12286875505e-32,3.24264278042e-32,2.82293505006e-32,-7.04608806828e-32,-7.56927391146e-32,9.66872020879e-32,5.25439519143e-32,-7.90300260922e-32,2.27079349458e-32,-7.12823657188e-33,-6.66390562492e-32,-8.86226452651e-32,3.37287800560e-32,9.88019003395e-33,5.38375844667e-32,1.65541232528e-31,-7.83291503990e-32,6.10716786482e-32,-7.58438018538e-32,7.95810852536e-33,-2.04314972980e-31,-2.80077252981e-32,-1.52210787954e-32,3.28234482682e-32,-2.73272586507e-32,-1.55354968796e-31,-1.63984906099e-31,5.03331638526e-32,-7.07256758676e-32,-3.55364120534e-31,-7.45456801225e-32,8.82870388005e-32,-4.31602901900e-31,1.04103415505e-31,4.46590816947e-32,-1.28552559441e-31,6.80710356491e-32,-5.58758415059e-33,2.93602461276e-32,2.24679516172e-31,-4.32256743927e-32,1.42715731504e-31
1.61776140659e-32,-2.64584105417e-32,-1.13445205164e-32,1.07789396692e-32,-1.16846838518e-32,-4.94901387402e-32,-5.24942553424e-32,2.62130908133e-32,-5.86659093075e-32,4.18775207808e-32,-4.31367464831e-33,-5.58775369738e-32,-1.42362328149e-32,-2.92786721700e-32,3.16242418563e-32,2.92655715984e-32,-7.00768095951e-32,-7.40354929816e-32,9.45030238784e-32,5.06384908626e-32,-7.83858552321e-32,2.07938574920e-32,-9.17812097215e-33,-6.52633841767e-32,-8.51394215564e-32,3.39875952774e-32,8.23630365994e-33,5.08423410988e-32,1.58378163217e-31,-7.52422330007e-32,5.84453587231e-32,-7.25203890628e-32,7.78026276561e-33,-1.95654840467e-31,-2.73517542345e-32,-1.42271505275e-32,3.04679016965e-32,-2.60250347208e-32,-1.47186616742e-31,-1.56267867188e-31,4.77218512677e-32,-6.81026234935e-32,-3.38076705629e-31,-6.97168829247e-32,8.17820030041e-32,-4.07729524090e-31,1.02370349708e-31,4.22019199230e-32,-1.23319164156e-31,6.32768370303e-32,-6.66029715786e-33,2.74305955095e-32,2.13105193774e-31,-4.07125411277e-32,1.34453983941e-31
1.61819439373e-32,-2.65106768547e-32,-1.13317307505e-32,1.05987291838e-32,-1.19980040384e-32,-4.93539786788e-32,-5.17170223803e-32,2.57788271848e-32,-5.78441549800e-32,4.05218851959e-32,-3.47003679682e-33,-5.33859715623e-32,-1.35063001811e-32,-2.71410258598e-32,3.07132785584e-32,3.03710607178e-32,-6.96462061397e-32,-7.21939945985e-32,9.20867485914e-32,4.85430147928e-32,-7.76247570925e-32,1.87198294735e-32,-1.13619171171e-32,-6.37331739163e-32,-8.12948687812e-32,3.42406693554e-32,6.42425708267e-33,4.75729882720e-32,1.50498907102e-31,-7.18405226323e-32,5.55283200405e-32,-6.88374653830e-32,7.59921254308e-33,-1.86103928684e-31,-2.66112604311e-32,-1.31601379356e-32,2.79158519879e-32,-2.45961224659e-32,-1.38233831698e-31,-1.47768663343e-31,4.48616667523e-32,-6.51832347776e-32,-3.19091552087e-31,-6.44828037502e-32,7.47773204426e-32,-3.81595601371e-31,1.00276098609e-31,3.95205384998e-32,-1.17449094723e-31,5.80861738504e-32,-7.71202173450e-33,2.53410342113e-32,2.00344023630e-31,-3.79711612861e-32,1.25414755492e-31
1.61868597289e-32,-2.65674343605e-32,-1.13142075320e-32,1.04059651709e-32,-1.23254829781e-32,-4.91993000931e-32,-5.08678746603e-32,2.53144499967e-32,-5.69412217788e-32,3.90378360323e-32,-2.54931490285e-33,-5.06598099683e-32,-1.27712166697e-32,-2.48411062321e-32,2.96953247202e-32,3.15238050788e-32,-6.91714749143e-32,-7.01816868577e-32,8.94580843608e-32,4.62790571413e-32,-7.67385022209e-32,1.65171184100e-32,-1.36334182196e-32,-6.20592750772e-32,-7.71262420543e-32,3.44720559556e-32,4.46284721001e-33,4.40712599064e-32,1.41987128473e-31,-6.81575718313e-32,5.23447690476e-32,-6.48273751873e-32,7.42062394453e-33,-1.75756955466e-31,-2.57876287852e-32,-1.20380667767e-32,2.52060360029e-32,-2.30567213915e-32,-1.28602152156e-31,-1.38575433054e-31,4.17865898704e-32,-6.19889490021e-32,-2.98620387472e-31,-5.89220770983e-32,6.73909545994e-32,-3.53519192358e-31,9.77881563583e-32,3.66502525142e-32,-1.10974903257e-31,5.25791812412e-32,-8.69644960064e-33,2.31233920783e-32,1.86527790869e-31,-3.50378013238e-32,1.15710679528e-31
1.61925072000e-32,-2.66283949039e-32,-1.12911034642e-32,1.02032458213e-32,-1.26608262147e-32,-4.90261280319e-32,-4.99531644815e-32,2.48258430711e-32,-5.59623602061e-32,3.74368857576e-32,-1.55975250276e-33,-4.77194265118e-32,-1.20522174751e-32,-2.24059888185e-32,2.85729777378e-32,3.27007993428e-32,-6.86549617633e-32,-6.80128699311e-32,8.66374250790e-32,4.38693120091e-32,-7.57188174056e-32,1.42184325913e-32,-1.59441697448e-32,-6.02532503085e-32,-7.26731618720e-32,3.46643184338e-32,2.37266583180e-33,4.03809860513e-32,1.32931653927e-31,-6.42291198406e-32,4.89213630285e-32,-6.05254922233e-32,7.24995594848e-33,-1.64715351998e-31,-2.48824385238e-32,-1.08793928168e-32,2.23790483613e-32,-2.14240021968e-32,-1.18403733179e-31,-1.28782607998e-31,3.85326666978e-32,-5.85432681846e-32,-2.76888580009e-31,-5.31169802118e-32,5.97452454203e-32,-3.23838252931e-31,9.48760670366e-32,3.36282558931e-32,-1.03935060698e-31,4.68396433836e-32,-9.56793453420e-33,2.08108418337e-32,1.71799339550e-31,-3.19506809323e-32,1.05461559534e-31
1.61988964195e-32,-2.66930127677e-32,-1.12614484873e-32,9.99321513487e-33,-1.29974365940e-32,-4.88341180286e-32,-4.89792624993e-32,2.43188964632e-32,-5.49127656001e-32,3.57313238142e-32,-5.10360704909e-34,-4.45867441867e-32,-1.13705967621e-32,-1.98641211413e-32,2.73494001824e-32,3.38780851425e-32,-6.80984820579e-32,-6.57023229450e-32,8.36455085113e-32,4.13374741487e-32,-7.45570744360e-32,1.18576600060e-32,-1.82441645237e-32,-5.83270449651e-32,-6.79764355232e-32,3.47993371138e-32,1.76042966355e-34,3.65476864647e-32,1.23424911185e-31,-6.00928318725e-32,4.52863474582e-32,-5.59694544210e-32,7.09239002969e-33,-1.53085530523e-31,-2.38974813365e-32,-9.70311902653e-33,1.94770059715e-32,-1.97158724846e-32,-1.07755934313e-31,-1.18489471831e-31,3.51376833435e-32,-5.48710331920e-32,-2.54132202356e-31,-4.71526133456e-32,5.19659265894e-32,-2.92906916491e-31,9.15112303027e-32,3.04929662138e-32,-9.63729773648e-32,4.09540072278e-32,-1.02816010531e-32,1.84375450015e-32,1.56310272027e-31,-2.87494248934e-32,9.47927380151e-32
1.62058909453e-32,-2.67604685150e-32,-1.12241620044e-32,9.77853644186e-33,-1.33285075613e-32,-4.86225231805e-32,-4.79525149306e-32,2.37994448708e-32,-5.37975590765e-32,3.39341290675e-32,5.89160907689e-34,-4.12851685298e-32,-1.07473134244e-32,-1.72450568307e-32,2.60283838461e-32,3.50311007905e-32,-6.75032732057e-32,-6.32652654286e-32,8.05033589790e-32,3.87081402806e-32,-7.32445264586e-32,9.46949412974e-33,-2.04827175059e-32,-5.62929725358e-32,-6.30774490611e-32,3.48589534303e-32,-2.10301835451e-33,3.26181432602e-32,1.13562010135e-31,-5.57881809712e-32,4.14692403254e-32,-5.11988933850e-32,6.95270490641e-33,-1.40978033019e-31,-2.28348836789e-32,-8.52867546399e-33,1.65430884634e-32,-1.79508125381e-32,-9.67802584507e-32,-1.07799363402e-31,3.16408851976e-32,-5.09982213783e-32,-2.30596065571e-31,-4.11159102227e-32,4.41805512720e-32,-2.61092413356e-31,8.76679925759e-32,2.72835073692e-32,-8.83371577363e-32,3.50102607628e-32,-1.07942484915e-32,1.60382244929e-32,1.40219780947e-31,-2.54745903584e-32,8.38338155284e-32
1.62133072965e-32,-2.68298462534e-32,-1.11781431187e-32,9.56189348072e-33,-1.36472702910e-32,-4.83905841537e-32,-4.68794548472e-32,2.32732097757e-32,-5.26220649932e-32,3.20593108280e-32,1.72829385146e-33,-3.78398830638e-32,-1.02022540019e-32,-1.45791345305e-32,2.46148408073e-32,3.61354925740e-32,-6.68703576142e-32,-6.07175100717e-32,7.72321043174e-32,3.60064403103e-32,-7.17731902115e-32,7.08862219519e-33,-2.26095813550e-32,-5.41638606798e-32,-5.80182764560e-32,3.48248793047e-32,-4.43905701688e-33,2.86395111348e-32,1.03440045434e-31,-5.13560026755e-32,3.75013006340e-32,-4.62556869586e-32,6.83498488314e-33,-1.28507090015e-31,-2.16972264323e-32,-7.37513293328e-33,1.36205636517e-32,-1.61476628945e-32,-8.56008861502e-32,-9.68190685103e-32,2.80823974560e-32,-4.69523869307e-32,-2.06531191161e-31,-3.50937327896e-32,3.65149871267e-32,-2.28770094317e-31,8.33266949856e-32,2.40391881561e-32,-7.98828273029e-32,2.90960405886e-32,-1.10669122350e-32,1.36473663354e-32,1.23694267308e-31,-2.21670520959e-32,7.27170857038e-32
1.62210105243e-32,-2.69003093149e-32,-1.11223577207e-32,9.34597330884e-33,-1.39472522547e-32,-4.81379217902e-32,-4.57669588294e-32,2.27456938474e-32,-5.13920317920e-32,3.01222126220e-32,2.89557314868e-33,-3.42780382351e-32,-9.75342684080e-33,-1.18970463382e-32,2.31152765015e-32,3.71679697738e-32,-6.62008554798e-32,-5.80754944368e-32,7.38525678068e-32,3.32574915746e-32,-7.01367034450e-32,4.74875820299e-33,-2.45760846473e-32,-5.19530663898e-32,-5.28417607549e-32,3.46783988030e-32,-6.80549454236e-33,2.46581960394e-32,9.31570382805e-32,-4.68377647269e-32,3.34159711827e-32,-4.11840785257e-32,6.74230452471e-33,-1.15789706558e-31,-2.04875977964e-32,-6.26025348571e-33,1.07516227657e-32,-1.43253311733e-32,-7.43426817507e-32,-8.56577805445e-32,2.45024380955e-32,-4.27630426595e-32,-1.82191175502e-31,-2.91705983604e-32,2.90893510400e-32,-1.96316785516e-31,7.84767357789e-32,2.07988716548e-32,-7.10733475199e-32,2.32964225824e-32,-1.10676123537e-32,1.12982830029e-32,1.06906350761e-31,-1.88672489785e-32,6.15754810543e-32
1.62289499977e-32,-2.69711717227e-32,-1.10558809786e-32,9.13343277700e-33,-1.42224461052e-32,-4.78646679933e-32,-4.46222345949e-32,2.22220911589e-32,-5.01136568439e-32,2.81394306226e-32,4.07869354841e-33,-3.06285394832e-32,-9.41645681736e-33,-9.22935267259e-33,2.15378816162e-32,3.81068812645e-32,-6.54960581159e-32,-5.53561569399e-32,7.03849625161e-32,3.04860094334e-32,-6.83307197976e-32,2.48194376916e-33,-2.63361620906e-32,-4.96743502800e-32,-4.75909758856e-32,3.44006973660e-32,-9.17500887843e-33,2.07189901792e-32,8.28104847415e-32,-4.22749642355e-32,2.92485864403e-32,-3.60302173387e-32,6.67657884646e-33,-1.02944094637e-31,-1.92096348217e-32,-5.20003700946e-33,7.97652689842e-33,-1.25024895725e-32,-6.31291668376e-32,-7.44255813520e-32,2.09406484747e-32,-3.84614451360e-32,-1.57828283256e-31,-2.34269595778e-32,2.20152878491e-32,-1.64104533733e-31,7.31179071460e-32,1.76002756636e-32,-6.19800609768e-32,1.76921631496e-32,-1.07726719326e-32,9.02241446086e-33,9.00326091590e-32,-1.56144566690e-32,5.05403631253e-32
1.62371449770e-32,-2.70418802602e-32,-1.09779008950e-32,8.92685714403e-33,-1.44674055281e-32,-4.75713761513e-32,-4.34526747494e-32,2.17072089829e-32,-4.87934517787e-32,2.61284526280e-32,5.26477713056e-33,-2.69215472791e-32,-9.20432012187e-33,-6.60598160979e-33,1.98923440473e-32,3.89325560559e-32,-6.47573196714e-32,-5.25766824255e-32,6.68486681152e-32,2.77160421807e-32,-6.63528973180e-32,3.18097382961e-34,-2.78472856949e-32,-4.73416675590e-32,-4.23081832242e-32,3.39736630051e-32,-1.15198780036e-32,1.68644418045e-32,7.24956489667e-32,-3.77086618539e-32,2.50355402779e-32,-3.08412949417e-32,6.63853342091e-33,-9.00876879337e-32,-1.78675537578e-32,-4.20866330546e-33,5.33302399217e-33,-1.06972772019e-32,-5.20805756334e-32,-6.32316363391e-32,1.74355517653e-32,-3.40799338787e-32,-1.33689533792e-31,-1.79379731476e-32,1.53943616301e-32,-1.32494979009e-31,6.72604116057e-32,1.44792505293e-32,-5.26810162697e-32,1.23583528314e-32,-1.01669427532e-32,6.84883589689e-33,7.32505194738e-32,-1.24461117880e-32,3.97393129168e-32
1.62456642720e-32,-2.71119840500e-32,-1.08877159875e-32,8.72872543177e-33,-1.46773285860e-32,-4.72589089724e-32,-4.22657126752e-32,2.12053945068e-32,-4.74381047505e-32,2.41073220130e-32,6.44061673171e-33,-2.31880130121e-32,-9.12712106137e-33,-4.05578200485e-33,1.81896722405e-32,3.96275877047e-32,-6.39859536094e-32,-4.97542557255e-32,6.32620435292e-32,2.49707329594e-32,-6.42028252592e-32,-1.71535204373e-33,-2.90713144541e-32,-4.49689963737e-32,-3.70338418539e-32,3.33806539378e-32,-1.38122598426e-32,1.31343177494e-32,6.23040332678e-32,-3.31790844794e-32,2.08135167424e-32,-2.56647584408e-32,6.62768370933e-33,-7.73353665754e-32,-1.64661824007e-32,-3.29846634985e-33,2.85584027480e-33,-8.92703587055e-33,-4.13121400578e-32,-5.21825794629e-32,1.40240830882e-32,-2.96513238795e-32,-1.10013241994e-31,-1.27724294331e-32,9.31668298060e-33,-1.01834384193e-31,6.09248219717e-32,1.14691438489e-32,-4.32597647495e-32,7.36324488200e-33,-9.24393746815e-33,4.80383505125e-33,5.67356889295e-32,-9.39721936669e-33,2.92941669663e-32
1.62545936914e-32,-2.71810849752e-32,-1.07847284226e-32,8.54136844736e-33,-1.48481249824e-32,-4.69283413993e-32,-4.10686900561e-32,2.07204275489e-32,-4.60543581748e-32,2.20944581062e-32,7.59277849516e-33,-1.94594206914e-32,-9.19179291988e-33,-1.60618446136e-33,1.64421584579e-32,4.01770688820e-32,-6.31831041817e-32,-4.69058589840e-32,5.96421728850e-32,2.22720479503e-32,-6.18820372777e-32,-3.59383700590e-33,-2.99751521946e-32,-4.25701757534e-32,-3.18060924260e-32,3.26068625800e-32,-1.60243991093e-32,9.56509016781e-33,5.23223099710e-32,-2.87252128200e-32,1.66191376738e-32,-2.05478614455e-32,6.64226857385e-33,-6.47982340663e-32,-1.50109883289e-32,-2.47973212809e-33,5.76155606670e-34,-7.20810068861e-33,-3.09326965346e-32,-4.13813662486e-32,1.07411505272e-32,-2.52086445883e-32,-8.70262806493e-32,-7.99169122110e-33,3.85935444093e-33,-7.24493560734e-32,5.41425907859e-32,8.60033375731e-33,-3.38048168098e-32,2.76717515476e-33,-8.00634371035e-33,2.91050204099e-33,4.06599522463e-32,-6.49988121023e-33,1.93194585851e-32
1.62639904240e-32,-2.72487685496e-32,-1.06684334898e-32,8.36691595591e-33,-1.49764618965e-32,-4.65808745247e-32,-3.98687319232e-32,2.02553861437e-32,-4.46489002897e-32,2.01085914161e-32,8.70759803444e-33,-1.57676923596e-32,-9.40175212451e-33,7.17045467393e-34,1.46634405711e-32,4.05687651034e-32,-6.23495804257e-32,-4.40481209893e-32,5.60045748488e-32,1.96404937877e-32,-5.93941189400e-32,-5.29602550219e-33,-3.05312085629e-32,-4.01587350360e-32,-2.66607094075e-32,3.16393446293e-32,-1.81288053363e-32,6.18946059625e-33,4.26316911323e-32,-2.43843519594e-32,1.24889563556e-32,-1.55374841933e-32,6.67916429791e-33,-5.25828731717e-32,-1.35081087685e-32,-1.76036063367e-33,-1.47892023803e-33,-5.55564328743e-33,-2.10435734495e-32,-3.09265281734e-32,7.61922199849e-33,-2.07851779726e-32,-6.49419794916e-32,-3.64867316996e-33,-9.15158822756e-34,-4.46431597248e-32,4.69569424369e-32,5.89991926549e-33,-2.44095567896e-32,-1.37840390474e-33,-6.46676121373e-33,1.18834858657e-33,2.51901301296e-32,-3.78293945874e-33,9.92120086252e-33
1.62738629616e-32,-2.73145778740e-32,-1.05384252287e-32,8.20725767913e-33,-1.50598231868e-32,-4.62178137557e-32,-3.86726802176e-32,1.98125578573e-32,-4.32283218111e-32,1.81686764274e-32,9.77123507610e-33,-1.21450455986e-32,-9.75664911844e-33,2.89006582782e-33,1.28685220062e-32,4.07933112913e-32,-6.14857896085e-32,-4.11972332000e-32,5.23630430856e-32,1.70948856088e-32,-5.67448655310e-32,-6.80415903186e-33,-3.07178470348e-32,-3.77477740687e-32,-2.16311024856e-32,3.04671455038e-32,-2.00985142280e-32,3.03594083067e-33,3.33073773039e-32,-2.01917318660e-32,8.45938808451e-33,-1.06798883953e-32,6.73385927591e-33,-4.07906164770e-32,-1.19643944368e-32,-1.14559339787e-33,-3.28682370212e-33,-3.98352810137e-33,-1.17375100619e-32,-2.09114093012e-32,4.68792881543e-33,-1.64144681470e-32,-4.39580940418e-32,2.13061276473e-34,-4.96039343451e-33,-1.86920994213e-32,3.94234805708e-32,3.39144889861e-33,-1.51718484534e-32,-5.03177149866e-33,-4.64813030429e-33,-3.47013228914e-34,1.04865721378e-32,-1.27165382900e-33,1.19567124829e-33
1.62841732362e-32,-2.73780244675e-32,-1.03944111011e-32,8.06401782737e-33,-1.50965781166e-32,-4.58405724758e-32,-3.74870451141e-32,1.93933972320e-32,-4.17990869561e-32,1.62936871299e-32,1.07698484189e-32,-8.62366202674e-33,-1.02522713794e-32,4.89128731701e-33,1.10736583786e-32,4.08444133201e-32,-6.05917433519e-32,-3.83688478225e-32,4.87295690211e-32,1.46521346650e-32,-5.39423572293e-32,-8.10434119322e-33,-3.05198439248e-32,-3.53498451409e-32,-1.67481049724e-32,2.90816241492e-32,-2.19074665566e-32,1.28460792434e-34,2.44177913618e-32,-1.61800824406e-32,4.56636200830e-33,-6.02020953456e-33,6.80051152022e-33,-2.95164629560e-32,-1.03874323471e-32,-6.37877407657e-34,-4.82995751565e-33,-2.50414341897e-33,-3.09740001462e-33,-1.14230828500e-32,1.97364676699e-33,-1.21300978144e-32,-2.42543391901e-32,3.56008570920e-33,-8.24687602092e-33,5.15851559976e-33,3.16100899886e-32,1.09461328297e-33,-6.19291279595e-33,-8.16168764764e-33,-2.58361560832e-33,-1.68413376345e-33,-3.29901319749e-33,1.01264514916e-33,-6.77201531904e-33
1.62948704184e-32,-2.74386521423e-32,-1.02362412840e-32,7.93854804706e-33,-1.50860623132e-32,-4.54507409008e-32,-3.63180058779e-32,1.89985364508e-32,-4.03675532618e-32,1.45023573604e-32,1.16898534590e-32,-5.23524098819e-33,-1.08805922772e-32,6.70173212145e-33,9.29615856792e-33,4.07190600224e-32,-5.96671701806e-32,-3.55779990955e-32,4.51143586430e-32,1.23270657481e-32,-5.09970088784e-32,-9.18677324489e-33,-2.99287971572e-32,-3.29768632390e-32,-1.20396953341e-32,2.74768605143e-32,-2.35309854333e-32,-2.51397494685e-33,1.60237649128e-32,-1.23792056948e-32,8.44821984974e-34,-1.60180145169e-33,6.87207821177e-33,-1.88478482481e-32,-8.78554842667e-33,-2.36824435704e-34,-6.09604081046e-33,-1.12823037155e-33,4.80499810228e-33,-2.54112461428e-33,-5.00917560153e-34,-7.96533710877e-33,-5.98979861938e-33,6.36974086490e-33,-1.07627401128e-32,2.66984533027e-32,2.35962918609e-32,-9.75040192275e-34,2.42429090621e-33,-1.07479883409e-32,-3.16054545444e-34,-2.81591626193e-33,-1.60261109737e-32,3.05288057440e-33,-1.39093741806e-32
1.63059042181e-32,-2.74960670274e-32,-1.00639212153e-32,7.83191129085e-33,-1.50286101837e-32,-4.50500906158e-32,-3.51713585674e-32,1.86277924491e-32,-3.89399286171e-32,1.28128535176e-32,1.25181984671e-32,-2.01048311919e-33,-1.16299339196e-32,8.30535568443e-33,7.55409297216e-33,4.04175894074e-32,-5.87115376488e-32,-3.28389734380e-32,4.15258221166e-32,1.01322601674e-32,-4.79214852862e-32,-1.00458927289e-32,-2.89433067797e-32,-3.06399433948e-32,-7.53076281768e-33,2.56499858314e-32,-2.49462622894e-32,-4.87752793783e-33,8.17780462760e-33,-8.81554467922e-33,-2.67183323932e-33,2.53448233790e-33,6.94049599377e-33,-8.86340807493e-33,-7.16776863897e-33,6.07424554258e-35,-7.07832934378e-33,1.35265647364e-34,1.19102039521e-32,5.66358664344e-33,-2.71709227933e-33,-3.95272330862e-33,1.06994553434e-32,8.63050538111e-33,-1.25138434717e-32,4.57561420133e-32,1.54720490144e-32,-2.80630968905e-33,1.05770203399e-32,-1.27819008395e-32,2.10301143613e-33,-3.73969302651e-33,-2.75680021935e-32,4.83646763591e-33,-2.01578349778e-32
1.63172414861e-32,-2.75499750157e-32,-9.87762833294e-33,7.74486431244e-33,-1.49255441821e-32,-4.46406030306e-32,-3.40524912777e-32,1.82802159159e-32,-3.75222643146e-32,1.12424200999e-32,1.32426713737e-32,1.02141792816e-33,-1.24852689663e-32,9.68929064798e-33,5.86593528342e-33,3.99436475231e-32,-5.77240740442e-32,-3.01652668239e-32,3.79707120521e-32,8.07803457529e-33,-4.47306754060e-32,-1.06804062998e-32,-2.75689272106e-32,-2.83492412001e-32,-3.24310850376e-33,2.36015217700e-32,-2.61328851143e-32,-6.95358149648e-33,9.23704646916e-34,-5.51186716313e-33,-5.95230480919e-33,6.35098688095e-33,6.99694083774e-33,3.67976221407e-34,-5.54379073052e-33,2.60616010920e-34,-7.77564891171e-33,1.27927833382e-33,1.81718021579e-32,1.31298143946e-32,-4.66048807773e-33,-1.23669352446e-34,2.57020266260e-32,1.03419858619e-32,-1.35232097131e-32,6.22011614924e-32,7.33612162318e-33,-4.39240095204e-33,1.81649366725e-32,-1.42659754833e-32,4.61478616439e-33,-4.45713838280e-33,-3.78141796385e-32,6.35540705131e-33,-2.54736662958e-32
0.00000000000,0.00000000000,0.00000000000,0.00000000000,0.00000000000,0.00000000000,0.00000000000,0.00000000000,0.00000000000,0.00000000000,0.00000000000,0.00000000000,0.00000000000,0.00000000000,0.00000000000,0.00000000000,0.00000000000,0.00000000000,0.00000000000,0.00000000000,0.00000000000,0.00000000000,0.00000000000,0.00000000000,0.00000000000,0.00000000000,0.00000000000,0.00000000000,0.00000000000,0.00000000000,0.00000000000,0.00000000000,0.00000000000,0.00000000000,0.00000000000,0.00000000000,0.00000000000,0.00000000000,0.00000000000,0.00000000000,0.00000000000,0.00000000000,0.00000000000,0.00000000000,0.00000000000,0.00000000000,0.00000000000,0.00000000000,0.00000000000,0.00000000000,0.00000000000,0.00000000000,0.00000000000,0.00000000000,0.00000000000
0.00000000000,0.00000000000,0.00000000000,0.00000000000,0.00000000000,0.00000000000,0.00000000000,0.00000000000,0.00000000000,0.00000000000,0.00000000000,0.00000000000,0.00000000000,0.00000000000,0.00000000000,0.00000000000,0.00000000000,0.00000000000,0.00000000000,0.00000000000,0.00000000000,0.00000000000,0.00000000000,0.00000000000,0.00000000000,0.00000000000,0.00000000000,0.00000000000,0.00000000000,0.00000000000,0.00000000000,0.00000000000,0.00000000000,0.00000000000,0.00000000000,0.00000000000,0.00000000000,0.00000000000,0.00000000000,0.00000000000,0.00000000000,0.00000000000,0.00000000000,0.00000000000,0.00000000000,0.00000000000,0.00000000000,0.00000000000,0.00000000000,0.00000000000,0.00000000000,0.00000000000,0.00000000000,0.00000000000,0.00000000000
0.00000000000,0.00000000000,0.00000000000,0.00000000000,0.00000000000,0.00000000000,0.00000000000,0.00000000000,0.00000000000,0.00000000000,0.00000000000,0.00000000000,0.00000000000,0.00000000000,0.00000000000,0.00000000000,0.00000000000,0.00000000000,0.00000000000,0.00000000000,0.00000000000,0.00000000000,0.00000000000,0.00000000000,0.00000000000,0.00000000000,0.00000000000,0.00000000000,0.00000000000,0.00000000000,0.00000000000,0.00000000000,0.00000000000,0.00000000000,0.00000000000,0.00000000000,0.00000000000,0.00000000000,0.00000000000,0.00000000000,0.00000000000,0.00000000000,0.00000000000,0.00000000000,0.00000000000,0.00000000000,0.00000000000,0.00000000000,0.00000000000,0.00000000000,0.00000000000,0.00000000000,0.00000000000,0.00000000000,0.00000000000
0.00000000000,0.00000000000,0.00000000000,0.00000000000,0.00000000000,0.00000000000,0.00000000000,0.00000000000,0.00000000000,0.00000000000,0.00000000000,0.00000000000,0.00000000000,0.00000000000,0.00000000000,0.00000000000,0.00000000000,0.00000000000,0.00000000000,0.00000000000,0.00000000000,0.00000000000,0.00000000000,0.00000000000,0.00000000000,0.00000000000,0.00000000000,0.00000000000,0.00000000000,0.00000000000,0.00000000000,0.00000000000,0.00000000000,0.00000000000,0.00000000000,0.00000000000,0.00000000000,0.00000000000,0.00000000000,0.00000000000,0.00000000000,0.00000000000,0.00000000000,0.00000000000,0.00000000000,0.00000000000,0.00000000000,0.00000000000,0.00000000000,0.00000000000,0.00000000000,0.00000000000,0.00000000000,0.00000000000,0.00000000000
0.00000000000,0.00000000000,0.00000000000,0.00000000000,0.00000000000,0.00000000000,0.00000000000,0.00000000000,0.00000000000,0.00000000000,0.00000000000,0.00000000000,0.00000000000,0.00000000000,0.00000000000,0.00000000000,0.00000000000,0.00000000000,0.00000000000,0.00000000000,0.00000000000,0.00000000000,0.00000000000,0.00000000000,0.00000000000,0.00000000000,0.00000000000,0.00000000000,0.00000000000,0.00000000000,0.00000000000,0.00000000000,0.00000000000,0.00000000000,0.00000000000,0.00000000000,0.00000000000,0.00000000000,0.00000000000,0.00000000000,0.00000000000,0.00000000000,0.00000000000,0.00000000000,0.00000000000,0.00000000000,0.00000000000,0.00000000000,0.00000000000,0.00000000000,0.00000000000,0.00000000000,0.00000000000,0.00000000000,0.00000000000
0.00000000000,0.00000000000,0.00000000000,0.00000000000,0.00000000000,0.00000000000,0.00000000000,0.00000000000,0.00000000000,0.00000000000,0.00000000000,0.00000000000,0.00000000000,0.00000000000,0.00000000000,0.00000000000,0.00000000000,0.00000000000,0.00000000000,0.00000000000,0.00000000000,0.00000000000,0.00000000000,0.00000000000,0.00000000000,0.00000000000,0.00000000000,0.00000000000,0.00000000000,0.00000000000,0.00000000000,0.00000000000,0.00000000000,0.00000000000,0.00000000000,0.00000000000,0.00000000000,0.00000000000,0.00000000000,0.00000000000,0.00000000000,0.00000000000,0.00000000000,0.00000000000,0.00000000000,0.00000000000,0.00000000000,0.00000000000,0.00000000000,0.00000000000,0.00000000000,0.00000000000,0.00000000000,0.00000000000,0.00000000000
-4.94885623513e-51,-7.13862841498e-51,-9.89824538458e-51,-3.89178634947e-51,1.60757114867e-51,3.30868471125e-51,-1.08415497284e-50,-6.64141445813e-51,3.76820082201e-51,-1.57972425048e-51,-1.32819451966e-50,-1.23460245144e-51,-8.52541827166e-51,-3.62677930692e-51,-5.29805982167e-52,-1.01708681513e-50,-1.87564334810e-51,-1.03627336414e-50,2.50631781942e-51,-9.07038367993e-53,6.70077862799e-51,2.94333244956e-51,4.24810085764e-51,3.51857761922e-51,-7.79973653488e-51,7.30532686998e-51,-4.39312424787e-51,2.22530207960e-51,2.26693304716e-51,-3.11000101518e-51,-2.92743296018e-51,2.30219078027e-51,1.08979456170e-51,-3.74810492715e-52,-2.61273118654e-51,-3.06109175028e-51,9.01700489073e-52,-1.42924371731e-51,1.60514759086e-51,3.44442704057e-52,8.93894312887e-52,9.03786000117e-52,-7.76906044880e-52,-1.24786251282e-51,4.75463230655e-51,2.77411787199e-52,-2.11901599075e-51,-1.82521160212e-51,6.62520874472e-51,-1.17390244664e-51,6.32146278723e-51,2.63735971130e-52,-7.57630981248e-51,1.50373798274e-51,-3.35497600249e-51
-2.86086193606e-50,-4.13085034000e-50,-5.73505594601e-50,-2.26515144907e-50,9.07217703581e-51,1.91691642515e-50,-6.27295990593e-50,-3.85138638331e-50,2.16975533131e-50,-9.55678504200e-51,-7.69229676923e-50,-7.48263260662e-51,-4.93852439215e-50,-2.08109073876e-50,-3.26685742365e-51,-5.88856894772e-50,-1.07655740869e-50,-6.04483436587e-50,1.44400863714e-50,-4.28799755100e-52,3.87852137973e-50,1.69976813475e-50,2.44726024598e-50,2.04737882510e-50,-4.52429559811e-50,4.26115697163e-50,-2.54736988549e-50,1.28281974555e-50,1.29827357023e-50,-1.81017386601e-50,-1.70895130103e-50,1.34118304322e-50,6.29152136831e-51,-2.06888884109e-51,-1.51842635501e-50,-1.77562063160e-50,5.23028210022e-51,-8.26314227983e-51,9.42585867899e-51,2.09408440708e-51,5.16226003207e-51,5.32840463485e-51,-4.27173305582e-51,-7.15544587850e-51,2.74594771306e-50,1.76024996728e-51,-1.22475621524e-50,-1.06593928380e-50,3.83029375909e-50,-6.89902812904e-51,3.65031953421e-50,1.50959211659e-51,-4.38545953514e-50,8.83056016290e-51,-1.95461316490e-50
1.04796737272e-49,1.50725787986e-49,2.08285930923e-49,8.07790474920e-50,-3.72015075255e-50,-6.95794180498e-50,2.30234463170e-49,1.39945979266e-49,-8.12709877796e-50,2.78828183570e-50,2.81950168041e-49,2.22024062945e-50,1.81490294161e-49,8.02055654264e-50,8.50608482101e-51,2.16774531927e-49,4.13213936562e-50,2.14697534641e-49,-5.45732454513e-50,3.15846646764e-51,-1.43367969732e-49,-6.34430498412e-50,-9.24784641966e-50,-7.37839503072e-50,1.65444281052e-49,-1.51676408685e-49,9.35076738283e-50,-4.84024064136e-50,-5.04992465744e-50,6.50061998361e-50,6.06455067655e-50,-4.80695401244e-50,-2.36081114519e-50,9.34767637442e-51,5.50837858714e-50,6.50808279114e-50,-1.90807686772e-50,3.06975812747e-50,-3.24428981081e-50,-5.97857533611e-51,-1.92923217427e-50,-1.80026862418e-50,1.97484153187e-50,2.76480965771e-50,-1.02635105666e-49,-3.86185535280e-51,4.56374165071e-50,3.77670314578e-50,-1.42548323557e-49,2.36810950542e-50,-1.36594969096e-49,-5.84660823998e-51,1.62395459615e-49,-3.03936108154e-50,7.00996352433e-50
-3.52320029361e-49,-5.06693484469e-49,-7.00130416760e-49,-2.71436380804e-49,1.25305698313e-49,2.33882255753e-49,-7.74044599288e-49,-4.70411152413e-49,2.73331475748e-49,-9.33106898607e-50,-9.47877626061e-49,-7.43232313345e-50,-6.10166385836e-49,-2.69868510839e-49,-2.83901185839e-50,-7.28815612951e-49,-1.39025273206e-49,-7.21368608274e-49,1.83562322322e-49,-1.07138113513e-50,4.82046271181e-49,2.13351112952e-49,3.11059184750e-49,2.47972332918e-49,-5.56168938301e-49,5.09639499747e-49,-3.14361083212e-49,1.62800495254e-49,1.69940133402e-49,-2.18460019351e-49,-2.03759542597e-49,1.61535414842e-49,7.93975097809e-50,-3.15303409689e-50,-1.85146484353e-49,-2.18787468302e-49,6.41409098922e-50,-1.03223708693e-49,1.08942064261e-49,1.99982306397e-50,6.48789765247e-50,6.04308189890e-50,-6.66326290059e-50,-9.30314149952e-50,3.45155747132e-49,1.28285443309e-50,-1.53467417098e-49,-1.26887661068e-49,4.79344677635e-49,-7.95158731434e-50,4.59369234797e-49,1.96739251195e-50,-5.46035544002e-49,1.02060483947e-49,-2.35568509613e-49
1.19534556967e-48,1.71909980436e-48,2.37538634482e-48,9.20919415178e-49,-4.25143962655e-49,-7.93510326765e-49,2.62616549244e-48,1.59599983259e-48,-9.27358245122e-49,3.16566701696e-49,3.21594145052e-48,2.52150331863e-49,2.07016157738e-48,9.15613143979e-49,9.63138191409e-50,2.47271356735e-48,4.71686262051e-49,2.44743028529e-48,-6.22790208109e-49,3.63532045086e-50,-1.63547955877e-48,-7.23855901908e-49,-1.05536145118e-48,-8.41312799125e-49,1.88695804264e-48,-1.72908486867e-48,1.06655818496e-48,-5.52349218171e-49,-5.76575760017e-49,7.41183965344e-49,6.91306889764e-49,-5.48051708252e-49,-2.69379418593e-49,1.06979416701e-49,6.28159997799e-49,7.42297634267e-49,-2.17615826453e-49,3.50216241426e-49,-3.69611871330e-49,-6.78458919171e-50,-2.20120905336e-49,-2.05025127424e-49,2.26078774010e-49,3.15638203569e-49,-1.17104176001e-48,-4.35187162297e-50,5.20682743189e-49,4.30499035069e-49,-1.62631553386e-48,2.69776346505e-49,-1.55854469188e-48,-6.67499940463e-50,1.85258175749e-48,-3.46264459356e-49,7.99228653605e-49
-4.08931510954e-48,-5.88109491405e-48,-8.12627188901e-48,-3.15049436216e-48,1.45443123910e-48,2.71462395180e-48,-8.98419542387e-48,-5.45996594196e-48,3.17252207523e-48,-1.08298425054e-48,-1.10018376074e-47,-8.62613918075e-49,-7.08208835992e-48,-3.13234181256e-48,-3.29492409556e-49,-8.45923150772e-48,-1.61365375723e-48,-8.37273610813e-48,2.13058513085e-48,-1.24365568154e-49,5.59502744223e-48,2.47633403710e-48,3.61042512092e-48,2.87815765285e-48,-6.45534320462e-48,5.91525382111e-48,-3.64872933447e-48,1.88960425155e-48,1.97248411162e-48,-2.53561374232e-48,-2.36498263902e-48,1.87490218263e-48,9.21555553797e-49,-3.65980083748e-49,-2.14895521021e-48,-2.53942371184e-48,7.44470629911e-49,-1.19810087969e-48,1.26445378884e-48,2.32102840576e-49,7.53040611792e-49,7.01397359886e-49,-7.73422897706e-49,-1.07980837764e-48,4.00617106781e-48,1.48878744581e-49,-1.78127219810e-48,-1.47275075160e-48,5.56367707281e-48,-9.22913326336e-49,5.33183091729e-48,2.28353863229e-49,-6.33774095411e-48,1.18458156046e-48,-2.73418643698e-48
1.40874989548e-47,2.02600964297e-47,2.79946259124e-47,1.08533054631e-47,-5.01044747929e-48,-9.35175232410e-48,3.09501322958e-47,1.88093268505e-47,-1.09291899083e-47,3.73082999181e-48,3.79008150830e-47,2.97166452380e-48,2.43974625792e-47,1.07907707877e-47,1.13508590866e-48,2.91416562002e-47,5.55896159043e-48,2.88436835913e-47,-7.33976595227e-48,4.28433557450e-49,-1.92746073926e-47,-8.53085473399e-48,-1.24377453835e-47,-9.91511826036e-48,2.22383548833e-47,-2.03777722571e-47,1.25697016011e-47,-6.50959811340e-48,-6.79511534997e-48,8.73507053808e-48,8.14725438088e-48,-6.45895017182e-48,-3.17471570521e-48,1.26078424324e-48,7.40305001207e-48,8.74819570596e-48,-2.56466643880e-48,4.12740139569e-48,-4.35598405575e-48,-7.99583408850e-49,-2.59418962541e-48,-2.41628103992e-48,2.66440564993e-48,3.71988926974e-48,-1.38010716273e-47,-5.12880296338e-49,6.13639926423e-48,5.07355733392e-48,-1.91666068398e-47,3.17939316542e-48,-1.83679076977e-47,-7.86668360001e-49,2.18332206424e-47,-4.08082797142e-48,9.41914416682e-48
-4.88196313009e-47,-7.02105065627e-47,-9.70141910808e-47,-3.76116706595e-47,1.73634936462e-47,3.24081018174e-47,-1.07256373345e-46,-6.51829259975e-47,3.78746449923e-47,-1.29290334096e-47,-1.31343670320e-46,-1.02981776159e-47,-8.45483738182e-47,-3.73949593892e-47,-3.93359216795e-48,-1.00989175989e-46,-1.92643460796e-47,-9.99565645259e-47,2.54356482137e-47,-1.48471835770e-48,6.67953360207e-47,2.95633159677e-47,4.31024801340e-47,3.43604226221e-47,-7.70660774933e-47,7.06183071612e-47,-4.35597688204e-47,2.25587367093e-47,2.35481846066e-47,-3.02710171922e-47,-2.82339651818e-47,2.23832184116e-47,1.10018428900e-47,-4.36919442572e-48,-2.56549564440e-47,-3.03165019059e-47,8.88774298076e-48,-1.43033348229e-47,1.50954783554e-47,2.77092245678e-48,8.99005433422e-48,8.37351966209e-48,-9.23338499502e-48,-1.28911188006e-47,4.78270295219e-47,1.77736495656e-48,-2.12654318950e-47,-1.75821981758e-47,6.64210646765e-47,-1.10180524303e-47,6.36532066086e-47,2.72616590174e-48,-7.56621019312e-47,1.41419365925e-47,-3.26416453956e-47
1.70050063555e-46,2.44559428801e-46,3.37922861050e-46,1.31010148397e-46,-6.04810569107e-47,-1.12884912749e-46,3.73598746202e-46,2.27047203760e-46,-1.31926142765e-46,4.50348235360e-47,4.57500370824e-46,3.58709413762e-47,2.94501532906e-46,1.30255283187e-46,1.37016162830e-47,3.51768647348e-46,6.71021684699e-47,3.48171834779e-46,-8.85982408967e-47,5.17161492348e-48,-2.32663596517e-46,-1.02975862801e-46,-1.50135899311e-46,-1.19685298008e-46,2.68438966120e-46,-2.45979897636e-46,1.51728745502e-46,-7.85772933730e-47,-8.20237668169e-47,1.05440953608e-46,9.83454314250e-47,-7.79659263618e-47,-3.83219615378e-47,1.52189116655e-47,8.93621455508e-47,1.05599385236e-46,-3.09580637968e-47,4.98218214804e-47,-5.25810443975e-47,-9.65176614395e-48,-3.13144371675e-47,-2.91669072608e-47,3.21620084312e-47,4.49027450163e-47,-1.66592598318e-46,-6.19097700062e-48,7.40724146721e-47,6.12428632103e-47,-2.31359921379e-46,3.83784264259e-47,-2.21718830832e-46,-9.49586565482e-48,2.63548591367e-46,-4.92596377753e-47,1.13698399952e-46
-5.94855118777e-46,-8.55497418463e-46,-1.18209324565e-45,-4.58288085672e-46,2.11571463524e-46,3.94884454598e-46,-1.30689272185e-45,-7.94237493667e-46,4.61493921403e-46,-1.57534277594e-46,-1.60039052452e-45,-1.25478786763e-46,-1.03020154831e-45,-4.55650069554e-46,-4.79284861804e-47,-1.23052888146e-45,-2.34732107456e-46,-1.21794368501e-45,3.09927853311e-46,-1.80915451807e-47,8.13885432526e-46,3.60222270312e-46,5.25194353280e-46,4.18672909781e-46,-9.39031281093e-46,8.60465134357e-46,-5.30765283362e-46,2.74873286536e-46,2.86930075223e-46,-3.68844446432e-46,-3.44023226310e-46,2.72733653181e-46,1.34055010065e-46,-5.32382625361e-47,-3.12599194881e-46,-3.69399231195e-46,1.08294947239e-46,-1.74282823126e-46,1.83933902498e-46,3.37623464457e-47,1.09541777055e-46,1.02028701864e-46,-1.12508173527e-46,-1.57075717283e-46,5.82761538389e-46,2.16557453644e-47,-2.59114427785e-46,-2.14234305135e-46,8.09325425145e-46,-1.34251660407e-46,7.75599996801e-46,3.32177894038e-47,-9.21925041615e-46,1.72315280657e-46,-3.97729925188e-46
2.10988423330e-45,3.03437927794e-45,4.19282910107e-45,1.62559271449e-45,-7.50225959495e-46,-1.40063972222e-45,4.63535064919e-45,2.81710595857e-45,-1.63677461349e-45,5.59094944323e-46,5.67634309966e-45,4.45293838485e-46,3.65393296200e-45,1.61592183230e-45,1.70161872250e-46,4.36444241780e-45,8.32466552071e-46,4.32017812626e-45,-1.09918132411e-45,6.40936904777e-47,-2.88665394824e-45,-1.27759324349e-45,-1.86264126750e-45,-1.48502155282e-45,3.33060325615e-45,-3.05214055972e-45,1.88252372443e-45,-9.74860623101e-46,-1.01755036459e-45,1.30829524713e-45,1.22028665435e-45,-9.67391595970e-46,-4.75442525789e-46,1.88743588456e-46,1.10876247388e-45,1.31019341753e-45,-3.84109118348e-46,6.18131838580e-46,-6.52483696224e-46,-1.19830709873e-46,-3.88507973777e-46,-3.61951392883e-46,3.98850643826e-46,5.57052083009e-46,-2.06685859056e-45,-7.69321791334e-47,9.18997493904e-46,7.59914304815e-46,-2.87043138749e-45,4.76244501512e-46,-2.75078281030e-45,-1.17803408072e-46,3.26982408396e-45,-6.11267984503e-46,1.41075235866e-45
-5.08219321706e-45,-7.30729302615e-45,-1.00942776082e-44,-3.90908883392e-45,1.82089186132e-45,3.37180202263e-45,-1.11697632973e-44,-6.78376749152e-45,3.94926610683e-45,-1.32295756396e-45,-1.36786696310e-44,-1.05646747941e-45,-8.80801180240e-45,-3.90838532853e-45,-3.98299840850e-46,-1.05216544778e-44,-2.01266305023e-45,-1.03887233089e-44,2.65499961744e-45,-1.59633105084e-46,6.96184506030e-45,3.08312388060e-45,4.49891104231e-45,3.57510877294e-45,-8.02633153848e-45,7.34121373193e-45,-4.53824358752e-45,2.35452999227e-45,2.46261039006e-45,-3.14860201352e-45,-2.93458152806e-45,2.32805719934e-45,1.14794381503e-45,-4.60768186053e-46,-2.67060494091e-45,-3.15820492786e-45,9.25405043071e-46,-1.49125615326e-45,1.56552028610e-45,2.83097146638e-46,9.37692464325e-46,8.67280455899e-46,-9.75194260205e-46,-1.34750494579e-45,4.98861750615e-45,1.76811707221e-46,-2.21770375944e-45,-1.82728814261e-45,6.92627894110e-45,-1.14249466527e-45,6.64000295198e-45,2.84939001078e-46,-7.88752707364e-45,1.46663301380e-45,-3.39529494308e-45
1.92383771493e-43,2.76716928393e-43,3.82408904990e-43,1.48354879545e-43,-6.80635322935e-44,-1.27755797943e-43,4.22463050346e-43,2.56853752535e-43,-1.49063461822e-43,5.15403236474e-44,5.17272275717e-43,4.09416249892e-44,3.32863238590e-43,1.46872384555e-43,1.57892678173e-44,3.97577270185e-43,7.56918735822e-44,3.94169384728e-43,-9.99941192441e-44,5.72239766490e-45,-2.62864709661e-43,-1.16299536643e-43,-1.69456674130e-43,-1.35382263379e-43,3.03446523710e-43,-2.78413420821e-43,1.71462409053e-43,-8.86865825270e-44,-9.24509812761e-44,1.19304578677e-43,1.11322648336e-43,-8.82129339783e-44,-4.32595136116e-44,1.70582930267e-44,1.01046470915e-43,1.19340708262e-43,-3.50048775975e-44,5.62776340865e-44,-5.96123695402e-44,-1.10533113393e-44,-3.53608806490e-44,-3.30945295671e-44,3.60020762874e-44,5.06286348320e-44,-1.88115593259e-43,-7.21015566340e-45,8.36507713252e-44,6.93274886663e-44,-2.61291463050e-43,4.35127374040e-44,-2.50343198155e-43,-1.07098134630e-44,2.97699177981e-43,-5.58466790728e-44,1.28630620548e-43
7.65817772177e-42,1.10106663007e-41,1.52087427314e-41,5.88868644671e-42,-2.74039801311e-42,-5.08061098115e-42,1.68211600258e-41,1.02161808590e-41,-5.94786546435e-42,1.99623940131e-42,2.05937642462e-41,1.58955730693e-42,1.32560933951e-41,5.87821953834e-42,6.01540334558e-43,1.58360667110e-41,3.02809252118e-42,1.56395120249e-41,-3.99399385062e-42,2.40149275087e-43,-1.04750787536e-41,-4.63920993368e-42,-6.76840404716e-42,-5.38025247089e-42,1.20783048512e-41,-1.10494502214e-41,6.82772563972e-42,-3.54178864185e-42,-3.70362387566e-42,4.73940817257e-42,4.41663461692e-42,-3.50359921536e-42,-1.72663906829e-42,6.92900171492e-43,4.01860265231e-42,4.75146146248e-42,-1.39294927805e-42,2.24382444910e-42,-2.35693527637e-42,-4.26822091324e-43,-1.41074881781e-42,-1.30569521131e-42,1.46533405113e-42,2.02682727143e-42,-7.50515962641e-42,-2.66873918166e-43,3.33631788714e-42,2.75003326636e-42,-1.04199518612e-41,1.71987047146e-42,-9.98906380573e-42,-4.28833690054e-43,1.18656423126e-41,-2.20805033910e-42,5.10927390465e-42
2.32479523704e-40,3.34066068094e-40,4.61135840642e-40,1.78077562486e-40,-8.44793891041e-41,-1.54030256112e-40,5.10856979029e-40,3.09814362345e-40,-1.81153265155e-40,5.83100845899e-41,6.25354765340e-40,4.66109110277e-41,4.02723584697e-40,1.79794164882e-40,1.71460500575e-41,4.81214063462e-40,9.25615251815e-41,4.72727866089e-40,-1.21830178549e-40,7.80004838537e-42,-3.18518686836e-40,-1.41258319155e-40,-2.06453281304e-40,-1.62991424115e-40,3.66689247281e-40,-3.34111045610e-40,2.07410077982e-40,-1.08014403432e-40,-1.13424292652e-40,1.43495171649e-40,1.33490626312e-40,-1.06053131193e-40,-5.26182436241e-41,2.16102318743e-41,1.21862142527e-40,1.44307335080e-40,-4.22720740139e-41,6.82769117605e-41,-7.08983673043e-41,-1.24143519096e-41,-4.29645070940e-41,-3.91610230432e-41,4.58243627209e-41,6.20147463772e-41,-2.28577134081e-40,-7.27156238129e-42,1.01567988368e-40,8.30990666294e-41,-3.17159748977e-40,5.17141081098e-41,-3.04279895825e-40,-1.31234936612e-41,3.60910488073e-40,-6.64198980108e-41,1.54674227667e-40
4.51430612982e-39,6.48204561867e-39,8.93969974426e-39,3.43985912410e-39,-1.67428283718e-39,-2.98565334910e-39,9.92538452421e-39,6.00751645614e-39,-3.53321544125e-39,1.07207303049e-39,1.21478559924e-38,8.61819106090e-40,7.82793918438e-39,3.52655291442e-39,3.03634753872e-40,9.35651161508e-39,1.81406066845e-39,9.12551014259e-39,-2.38096713746e-39,1.64867969225e-40,-6.19860450618e-39,-2.75405007276e-39,-4.03464395606e-39,-3.15599384433e-39,7.12085264679e-39,-6.45291676610e-39,4.03101958981e-39,-2.11038092561e-39,-2.22848920416e-39,2.77633769107e-39,2.57664162318e-39,-2.05122818594e-39,-1.02702129933e-39,4.34754054099e-40,2.36279371169e-39,2.80380691862e-39,-8.20455302056e-40,1.32998731179e-39,-1.35954296329e-39,-2.26789676234e-40,-8.37890130175e-40,-7.47889022640e-40,9.25033209837e-40,1.21693735925e-39,-4.45786371857e-39,-1.19373549085e-40,1.97971939993e-39,1.60346893650e-39,-6.18046503858e-39,9.91109289776e-40,-5.93564961080e-39,-2.57596065585e-40,7.02639143922e-39,-1.27366656044e-39,2.99209290129e-39
5.78557746387e-38,8.29910244414e-38,1.14320701043e-37,4.37762385495e-38,-2.20362344726e-38,-3.81734042821e-38,1.27297344424e-37,7.68467427550e-38,-4.55477203342e-38,1.27106527628e-38,1.55764673961e-37,1.03045698551e-38,1.00454461163e-37,4.57983423676e-38,3.39038408696e-39,1.20120303577e-37,2.35338390603e-38,1.16027950927e-37,-3.07744948662e-38,2.34217730113e-39,-7.96714829365e-38,-3.54845674556e-38,-5.21463041077e-38,-4.02925949419e-38,9.12663725353e-38,-8.21024334717e-38,5.17201338926e-38,-2.72672078825e-38,-2.90040453731e-38,3.54088059400e-38,3.27566113910e-38,-2.61490715725e-38,-1.32520789592e-38,5.83027204595e-39,3.02203349635e-38,3.59605013064e-38,-1.05081406434e-38,1.71161652331e-38,-1.71300606325e-38,-2.66249253281e-39,-1.07996901352e-38,-9.37029587256e-39,1.24567945109e-38,1.58134503703e-38,-5.74609529151e-38,-1.15669857575e-39,2.54989605606e-38,2.03759200216e-38,-7.95797970608e-38,1.24781592592e-38,-7.65327214981e-38,-3.34853335870e-39,9.03587171461e-38,-1.60480686085e-38,3.81510240105e-38
4.96821398730e-37,7.11717303190e-37,9.78847804304e-37,3.72409755981e-37,-1.95769328958e-37,-3.26773139397e-37,1.09415251663e-36,6.58229434864e-37,-3.94127859619e-37,9.75065788515e-38,1.33840244123e-36,8.00971568988e-38,8.64059754321e-37,4.00060233569e-37,2.34465007282e-38,1.03378341213e-36,2.05299055941e-37,9.85840767632e-37,-2.67189259717e-37,2.27063238978e-38,-6.86711718731e-37,-3.06827573814e-37,-4.52718157745e-37,-3.44228320016e-37,7.83733655997e-37,-6.98218584585e-37,4.44760702167e-37,-2.36626423426e-37,-2.54063877520e-37,3.02090851714e-37,2.78263668785e-37,-2.22954399973e-37,-1.14804635302e-37,5.29869378040e-38,2.58797238260e-37,3.09081141719e-37,-9.01534408763e-38,1.47773803926e-37,-1.43766351979e-37,-2.01015507629e-38,-9.34259290781e-38,-7.80311153729e-38,1.13765599281e-37,1.38240139608e-37,-4.97114784587e-37,-5.70980953987e-39,2.20383735426e-37,1.72990061790e-37,-6.87513395536e-37,1.04612588204e-37,-6.62373295110e-37,-2.92868393880e-38,7.79358443931e-37,-1.34685978169e-37,3.25373919378e-37
2.92365455715e-36,4.18097837639e-36,5.73829804911e-36,2.16455320089e-36,-1.20212858002e-36,-1.91504852740e-36,6.44630303366e-36,3.86048623030e-36,-2.34224938310e-36,4.84528256743e-37,7.88181816617e-36,4.06889203362e-37,5.09525164403e-36,2.40592587467e-36,9.45291040995e-38,6.10047128992e-36,1.23260055837e-36,5.72023755998e-36,-1.59454855225e-36,1.53508636000e-37,-4.06023409216e-36,-1.82160621043e-36,-2.70158349622e-36,-2.01186828280e-36,4.61162069677e-36,-4.05615091884e-36,2.62178417187e-36,-1.41129476248e-36,-1.53323386913e-36,1.76242901394e-36,1.61413017493e-36,-1.29965968843e-36,-6.83215606795e-37,3.34181952535e-37,1.51731691727e-36,1.82077599475e-36,-5.29848694464e-37,8.75594409275e-37,-8.20385067946e-37,-9.71085425613e-38,-5.54985366858e-37,-4.40482417335e-37,7.21496638940e-37,8.32162442115e-37,-2.95328327643e-36,-1.21301286198e-39,1.30761180784e-36,1.00268118722e-36,-4.07709528210e-36,5.96073774533e-37,-3.93703891686e-36,-1.76411318468e-37,4.61200000511e-36,-7.68571379121e-37,1.89735234366e-36
0.00000000000,0.00000000000,0.00000000000,0.00000000000,0.00000000000,0.00000000000,0.00000000000,0.00000000000,0.00000000000,0.00000000000,0.00000000000,0.00000000000,0.00000000000,0.00000000000,0.00000000000,0.00000000000,0.00000000000,0.00000000000,0.00000000000,0.00000000000,0.00000000000,0.00000000000,0.00000000000,0.00000000000,0.00000000000,0.00000000000,0.00000000000,0.00000000000,0.00000000000,0.00000000000,0.00000000000,0.00000000000,0.00000000000,0.00000000000,0.00000000000,0.00000000000,0.00000000000,0.00000000000,0.00000000000,0.00000000000,0.00000000000,0.00000000000,0.00000000000,0.00000000000,0.00000000000,0.00000000000,0.00000000000,0.00000000000,0.00000000000,0.00000000000,0.00000000000,0.00000000000,0.00000000000,0.00000000000,0.00000000000
0.00000000000,0.00000000000,0.00000000000,0.00000000000,0.00000000000,0.00000000000,0.00000000000,0.00000000000,0.00000000000,0.00000000000,0.00000000000,0.00000000000,0.00000000000,0.00000000000,0.00000000000,0.00000000000,0.00000000000,0.00000000000,0.00000000000,0.00000000000,0.00000000000,0.00000000000,0.00000000000,0.00000000000,0.00000000000,0.00000000000,0.00000000000,0.00000000000,0.00000000000,0.00000000000,0.00000000000,0.00000000000,0.00000000000,0.00000000000,0.00000000000,0.00000000000,0.00000000000,0.00000000000,0.00000000000,0.00000000000,0.00000000000,0.00000000000,0.00000000000,0.00000000000,0.00000000000,0.00000000000,0.00000000000,0.00000000000,0.00000000000,0.00000000000,0.00000000000,0.00000000000,0.00000000000,0.00000000000,0.00000000000
0.00000000000,0.00000000000,0.00000000000,0.00000000000,0.00000000000,0.00000000000,0.00000000000,0.00000000000,0.00000000000,0.00000000000,0.00000000000,0.00000000000,0.00000000000,0.00000000000,0.00000000000,0.00000000000,0.00000000000,0.00000000000,0.00000000000,0.00000000000,0.00000000000,0.00000000000,0.00000000000,0.00000000000,0.00000000000,0.00000000000,0.00000000000,0.00000000000,0.00000000000,0.00000000000,0.00000000000,0.00000000000,0.00000000000,0.00000000000,0.00000000000,0.00000000000,0.00000000000,0.00000000000,0.00000000000,0.00000000000,0.00000000000,0.00000000000,0.00000000000,0.00000000000,0.00000000000,0.00000000000,0.00000000000,0.00000000000,0.00000000000,0.00000000000,0.00000000000,0.00000000000,0.00000000000,0.00000000000,0.00000000000
0.00000000000,0.00000000000,0.00000000000,0.00000000000,0.00000000000,0.00000000000,0.00000000000,0.00000000000,0.00000000000,0.00000000000,0.00000000000,0.00000000000,0.00000000000,0.00000000000,0.00000000000,0.00000000000,0.00000000000,0.00000000000,0.00000000000,0.00000000000,0.00000000000,0.00000000000,0.00000000000,0.00000000000,0.00000000000,0.00000000000,0.00000000000,0.00000000000,0.00000000000,0.00000000000,0.00000000000,0.00000000000,0.00000000000,0.00000000000,0.00000000000,0.00000000000,0.00000000000,0.00000000000,0.00000000000,0.00000000000,0.00000000000,0.00000000000,0.00000000000,0.00000000000,0.00000000000,0.00000000000,0.00000000000,0.00000000000,0.00000000000,0.00000000000,0.00000000000,0.00000000000,0.00000000000,0.00000000000,0.00000000000
0.00000000000,0.00000000000,0.00000000000,0.00000000000,0.00000000000,0.00000000000,0.00000000000,0.00000000000,0.00000000000,0.00000000000,0.00000000000,0.00000000000,0.00000000000,0.00000000000,0.00000000000,0.00000000000,0.00000000000,0.00000000000,0.00000000000,0.00000000000,0.00000000000,0.00000000000,0.00000000000,0.00000000000,0.00000000000,0.00000000000,0.00000000000,0.00000000000,0.00000000000,0.00000000000,0.00000000000,0.00000000000,0.00000000000,0.00000000000,0.00000000000,0.00000000000,0.00000000000,0.00000000000,0.00000000000,0.00000000000,0.00000000000,0.00000000000,0.00000000000,0.00000000000,0.00000000000,0.00000000000,0.00000000000,0.00000000000,0.00000000000,0.00000000000,0.00000000000,0.00000000000,0.00000000000,0.00000000000,0.00000000000
0.00000000000,0.00000000000,0.00000000000,0.00000000000,0.00000000000,0.00000000000,0.00000000000,0.00000000000,0.00000000000,0.00000000000,0.00000000000,0.00000000000,0.00000000000,0.00000000000,0.00000000000,0.00000000000,0.00000000000,0.00000000000,0.00000000000,0.00000000000,0.00000000000,0.00000000000,0.00000000000,0.00000000000,0.00000000000,0.00000000000,0.00000000000,0.00000000000,0.00000000000,0.00000000000,0.00000000000,0.00000000000,0.00000000000,0.00000000000,0.00000000000,0.00000000000,0.00000000000,0.00000000000,0.00000000000,0.00000000000,0.00000000000,0.00000000000,0.00000000000,0.00000000000,0.00000000000,0.00000000000,0.00000000000,0.00000000000,0.00000000000,0.00000000000,0.00000000000,0.00000000000,0.00000000000,0.00000000000,0.00000000000
0.00000000000,0.00000000000,0.00000000000,0.00000000000,0.00000000000,0.00000000000,0.00000000000,0.00000000000,0.00000000000,0.00000000000,0.00000000000,0.00000000000,0.00000000000,0.00000000000,0.00000000000,0.00000000000,0.00000000000,0.00000000000,0.00000000000,0.00000000000,0.00000000000,0.00000000000,0.00000000000,0.00000000000,0.00000000000,0.00000000000,0.00000000000,0.00000000000,0.00000000000,0.00000000000,0.00000000000,0.00000000000,0.00000000000,0.00000000000,0.00000000000,0.00000000000,0.00000000000,0.00000000000,0.00000000000,0.00000000000,0.00000000000,0.00000000000,0.00000000000,0.00000000000,0.00000000000,0.00000000000,0.00000000000,0.00000000000,0.00000000000,0.00000000000,0.00000000000,0.00000000000,0.00000000000,0.00000000000,0.00000000000
0.00000000000,0.00000000000,0.00000000000,0.00000000000,0.00000000000,0.00000000000,0.00000000000,0.00000000000,0.00000000000,0.00000000000,0.00000000000,0.00000000000,0.00000000000,0.00000000000,0.00000000000,0.00000000000,0.00000000000,0.00000000000,0.00000000000,0.00000000000,0.00000000000,0.00000000000,0.00000000000,0.00000000000,0.00000000000,0.00000000000,0.00000000000,0.00000000000,0.00000000000,0.00000000000,0.00000000000,0.00000000000,0.00000000000,0.00000000000,0.00000000000,0.00000000000,0.00000000000,0.00000000000,0.00000000000,0.00000000000,0.00000000000,0.00000000000,0.00000000000,0.00000000000,0.00000000000,0.00000000000,0.00000000000,0.00000000000,0.00000000000,0.00000000000,0.00000000000,0.00000000000,0.00000000000,0.00000000000,0.00000000000
0.00000000000,0.00000000000,0.00000000000,0.00000000000,0.00000000000,0.00000000000,0.00000000000,0.00000000000,0.00000000000,0.00000000000,0.00000000000,0.00000000000,0.00000000000,0.00000000000,0.00000000000,0.00000000000,0.00000000000,0.00000000000,0.00000000000,0.00000000000,0.00000000000,0.00000000000,0.00000000000,0.00000000000,0.00000000000,0.00000000000,0.00000000000,0.00000000000,0.00000000000,0.00000000000,0.00000000000,0.00000000000,0.00000000000,0.00000000000,0.00000000000,0.00000000000,0.00000000000,0.00000000000,0.00000000000,0.00000000000,0.00000000000,0.00000000000,0.00000000000,0.00000000000,0.00000000000,0.00000000000,0.00000000000,0.00000000000,0.00000000000,0.00000000000,0.00000000000,0.00000000000,0.00000000000,0.00000000000,0.00000000000
0.00000000000,0.00000000000,0.00000000000,0.00000000000,0.00000000000,0.00000000000,0.00000000000,0.00000000000,0.00000000000,0.00000000000,0.00000000000,0.00000000000,0.00000000000,0.00000000000,0.00000000000,0.00000000000,0.00000000000,0.00000000000,0.00000000000,0.00000000000,0.00000000000,0.00000000000,0.00000000000,0.00000000000,0.00000000000,0.00000000000,0.00000000000,0.00000000000,0.00000000000,0.00000000000,0.00000000000,0.00000000000,0.00000000000,0.00000000000,0.00000000000,0.00000000000,0.00000000000,0.00000000000,0.00000000000,0.00000000000,0.00000000000,0.00000000000,0.00000000000,0.00000000000,0.00000000000,0.00000000000,0.00000000000,0.00000000000,0.00000000000,0.00000000000,0.00000000000,0.00000000000,0.00000000000,0.00000000000,0.00000000000
0.00000000000,0.00000000000,0.00000000000,0.00000000000,0.00000000000,0.00000000000,0.00000000000,0.00000000000,0.00000000000,0.00000000000,0.00000000000,0.00000000000,0.00000000000,0.00000000000,0.00000000000,0.00000000000,0.00000000000,0.00000000000,0.00000000000,0.00000000000,0.00000000000,0.00000000000,0.00000000000,0.00000000000,0.00000000000,0.00000000000,0.00000000000,0.00000000000,0.00000000000,0.00000000000,0.00000000000,0.00000000000,0.00000000000,0.00000000000,0.00000000000,0.00000000000,0.00000000000,0.00000000000,0.00000000000,0.00000000000,0.00000000000,0.00000000000,0.00000000000,0.00000000000,0.00000000000,0.00000000000,0.00000000000,0.00000000000,0.00000000000,0.00000000000,0.00000000000,0.00000000000,0.00000000000,0.00000000000,0.00000000000
0.00000000000,0.00000000000,0.00000000000,0.00000000000,0.00000000000,0.00000000000,0.00000000000,0.00000000000,0.00000000000,0.00000000000,0.00000000000,0.00000000000,0.00000000000,0.00000000000,0.00000000000,0.00000000000,0.00000000000,0.00000000000,0.00000000000,0.00000000000,0.00000000000,0.00000000000,0.00000000000,0.00000000000,0.00000000000,0.00000000000,0.00000000000,0.00000000000,0.00000000000,0.00000000000,0.00000000000,0.00000000000,0.00000000000,0.00000000000,0.00000000000,0.00000000000,0.00000000000,0.00000000000,0.00000000000,0.00000000000,0.00000000000,0.00000000000,0.00000000000,0.00000000000,0.00000000000,0.00000000000,0.00000000000,0.00000000000,0.00000000000,0.00000000000,0.00000000000,0.00000000000,0.00000000000,0.00000000000,0.00000000000
0.00000000000,0.00000000000,0.00000000000,0.00000000000,0.00000000000,0.00000000000,0.00000000000,0.00000000000,0.00000000000,0.00000000000,0.00000000000,0.00000000000,0.00000000000,0.00000000000,0.00000000000,0.00000000000,0.00000000000,0.00000000000,0.00000000000,0.00000000000,0.00000000000,0.00000000000,0.00000000000,0.00000000000,0.00000000000,0.00000000000,0.00000000000,0.00000000000,0.00000000000,0.00000000000,0.00000000000,0.00000000000,0.00000000000,0.00000000000,0.00000000000,0.00000000000,0.00000000000,0.00000000000,0.00000000000,0.00000000000,0.00000000000,0.00000000000,0.00000000000,0.00000000000,0.00000000000,0.00000000000,0.00000000000,0.00000000000,0.00000000000,0.00000000000,0.00000000000,0.00000000000,0.00000000000,0.00000000000,0.00000000000
0.00000000000,0.00000000000,0.00000000000,0.00000000000,0.00000000000,0.00000000000,0.00000000000,0.00000000000,0.00000000000,0.00000000000,0.00000000000,0.00000000000,0.00000000000,0.00000000000,0.00000000000,0.00000000000,0.00000000000,0.00000000000,0.00000000000,0.00000000000,0.00000000000,0.00000000000,0.00000000000,0.00000000000,0.00000000000,0.00000000000,0.00000000000,0.00000000000,0.00000000000,0.00000000000,0.00000000000,0.00000000000,0.00000000000,0.00000000000,0.00000000000,0.00000000000,0.00000000000,0.00000000000,0.00000000000,0.00000000000,0.00000000000,0.00000000000,0.00000000000,0.00000000000,0.00000000000,0.00000000000,0.00000000000,0.00000000000,0.00000000000,0.00000000000,0.00000000000,0.00000000000,0.00000000000,0.00000000000,0.00000000000
0.00000000000,0.00000000000,0.00000000000,0.00000000000,0.00000000000,0.00000000000,0.00000000000,0.00000000000,0.00000000000,0.00000000000,0.00000000000,0.00000000000,0.00000000000,0.00000000000,0.00000000000,0.00000000000,0.00000000000,0.00000000000,0.00000000000,0.00000000000,0.00000000000,0.00000000000,0.00000000000,0.00000000000,0.00000000000,0.00000000000,0.00000000000,0.00000000000,0.00000000000,0.00000000000,0.00000000000,0.00000000000,0.00000000000,0.00000000000,0.00000000000,0.00000000000,0.00000000000,0.00000000000,0.00000000000,0.00000000000,0.00000000000,0.00000000000,0.00000000000,0.00000000000,0.00000000000,0.00000000000,0.00000000000,0.00000000000,0.00000000000,0.00000000000,0.00000000000,0.00000000000,0.00000000000,0.00000000000,0.00000000000
0.00000000000,0.00000000000,0.00000000000,0.00000000000,0.00000000000,0.00000000000,0.00000000000,0.00000000000,0.00000000000,0.00000000000,0.00000000000,0.00000000000,0.00000000000,0.00000000000,0.00000000000,0.00000000000,0.00000000000,0.00000000000,0.00000000000,0.00000000000,0.00000000000,0.00000000000,0.00000000000,0.00000000000,0.00000000000,0.00000000000,0.00000000000,0.00000000000,0.00000000000,0.00000000000,0.00000000000,0.00000000000,0.00000000000,0.00000000000,0.00000000000,0.00000000000,0.00000000000,0.00000000000,0.00000000000,0.00000000000,0.00000000000,0.00000000000,0.00000000000,0.00000000000,0.00000000000,0.00000000000,0.00000000000,0.00000000000,0.00000000000,0.00000000000,0.00000000000,0.00000000000,0.00000000000,0.00000000000,0.00000000000
0.00000000000,0.00000000000,0.00000000000,0.00000000000,0.00000000000,0.00000000000,0.00000000000,0.00000000000,0.00000000000,0.00000000000,0.00000000000,0.00000000000,0.00000000000,0.00000000000,0.00000000000,0.00000000000,0.00000000000,0.00000000000,0.00000000000,0.00000000000,0.00000000000,0.00000000000,0.00000000000,0.00000000000,0.00000000000,0.00000000000,0.00000000000,0.00000000000,0.00000000000,0.00000000000,0.00000000000,0.00000000000,0.00000000000,0.00000000000,0.00000000000,0.00000000000,0.00000000000,0.00000000000,0.00000000000,0.00000000000,0.00000000000,0.00000000000,0.00000000000,0.00000000000,0.00000000000,0.00000000000,0.00000000000,0.00000000000,0.00000000000,0.00000000000,0.00000000000,0.00000000000,0.00000000000,0.00000000000,0.00000000000
0.00000000000,0.00000000000,0.00000000000,0.00000000000,0.00000000000,0.00000000000,0.00000000000,0.00000000000,0.00000000000,0.00000000000,0.00000000000,0.00000000000,0.00000000000,0.00000000000,0.00000000000,0.00000000000,0.00000000000,0.00000000000,0.00000000000,0.00000000000,0.00000000000,0.00000000000,0.00000000000,0.00000000000,0.00000000000,0.00000000000,0.00000000000,0.00000000000,0.00000000000,0.00000000000,0.00000000000,0.00000000000,0.00000000000,0.00000000000,0.00000000000,0.00000000000,0.00000000000,0.00000000000,0.00000000000,0.00000000000,0.00000000000,0.00000000000,0.00000000000,0.00000000000,0.00000000000,0.00000000000,0.00000000000,0.00000000000,0.00000000000,0.00000000000,0.00000000000,0.00000000000,0.00000000000,0.00000000000,0.00000000000
0.00000000000,0.00000000000,0.00000000000,0.00000000000,0.00000000000,0.00000000000,0.00000000000,0.00000000000,0.00000000000,0.00000000000,0.00000000000,0.00000000000,0.00000000000,0.00000000000,0.00000000000,0.00000000000,0.00000000000,0.00000000000,0.00000000000,0.00000000000,0.00000000000,0.00000000000,0.00000000000,0.00000000000,0.00000000000,0.00000000000,0.00000000000,0.00000000000,0.00000000000,0.00000000000,0.00000000000,0.00000000000,0.00000000000,0.00000000000,0.00000000000,0.00000000000,0.00000000000,0.00000000000,0.00000000000,0.00000000000,0.00000000000,0.00000000000,0.00000000000,0.00000000000,0.00000000000,0.00000000000,0.00000000000,0.00000000000,0.00000000000,0.00000000000,0.00000000000,0.00000000000,0.00000000000,0.00000000000,0.00000000000
0.00000000000,0.00000000000,0.00000000000,0.00000000000,0.00000000000,0.00000000000,0.00000000000,0.00000000000,0.00000000000,0.00000000000,0.00000000000,0.00000000000,0.00000000000,0.00000000000,0.00000000000,0.00000000000,0.00000000000,0.00000000000,0.00000000000,0.00000000000,0.00000000000,0.00000000000,0.00000000000,0.00000000000,0.00000000000,0.00000000000,0.00000000000,0.00000000000,0.00000000000,0.00000000000,0.00000000000,0.00000000000,0.00000000000,0.00000000000,0.00000000000,0.00000000000,0.00000000000,0.00000000000,0.00000000000,0.00000000000,0.00000000000,0.00000000000,0.00000000000,0.00000000000,0.00000000000,0.00000000000,0.00000000000,0.00000000000,0.00000000000,0.00000000000,0.00000000000,0.00000000000,0.00000000000,0.00000000000,0.00000000000
0.00000000000,0.00000000000,0.00000000000,0.00000000000,0.00000000000,0.00000000000,0.00000000000,0.00000000000,0.00000000000,0.00000000000,0.00000000000,0.00000000000,0.00000000000,0.00000000000,0.00000000000,0.00000000000,0.00000000000,0.00000000000,0.00000000000,0.00000000000,0.00000000000,0.00000000000,0.00000000000,0.00000000000,0.00000000000,0.00000000000,0.00000000000,0.00000000000,0.00000000000,0.00000000000,0.00000000000,0.00000000000,0.00000000000,0.00000000000,0.00000000000,0.00000000000,0.00000000000,0.00000000000,0.00000000000,0.00000000000,0.00000000000,0.00000000000,0.00000000000,0.00000000000,0.00000000000,0.00000000000,0.00000000000,0.00000000000,0.00000000000,0.00000000000,0.00000000000,0.00000000000,0.00000000000,0.00000000000,0.00000000000
0.00000000000,0.00000000000,0.00000000000,0.00000000000,0.00000000000,0.00000000000,0.00000000000,0.00000000000,0.00000000000,0.00000000000,0.00000000000,0.00000000000,0.00000000000,0.00000000000,0.00000000000,0.00000000000,0.00000000000,0.00000000000,0.00000000000,0.00000000000,0.00000000000,0.00000000000,0.00000000000,0.00000000000,0.00000000000,0.00000000000,0.00000000000,0.00000000000,0.00000000000,0.00000000000,0.00000000000,0.00000000000,0.00000000000,0.00000000000,0.00000000000,0.00000000000,0.00000000000,0.00000000000,0.00000000000,0.00000000000,0.00000000000,0.00000000000,0.00000000000,0.00000000000,0.00000000000,0.00000000000,0.00000000000,0.00000000000,0.00000000000,0.00000000000,0.00000000000,0.00000000000,0.00000000000,0.00000000000,0.00000000000
0.00000000000,0.00000000000,0.00000000000,0.00000000000,0.00000000000,0.00000000000,0.00000000000,0.00000000000,0.00000000000,0.00000000000,0.00000000000,0.00000000000,0.00000000000,0.00000000000,0.00000000000,0.00000000000,0.00000000000,0.00000000000,0.00000000000,0.00000000000,0.00000000000,0.00000000000,0.00000000000,0.00000000000,0.00000000000,0.00000000000,0.00000000000,0.00000000000,0.00000000000,0.00000000000,0.00000000000,0.00000000000,0.00000000000,0.00000000000,0.00000000000,0.00000000000,0.00000000000,0.00000000000,0.00000000000,0.00000000000,0.00000000000,0.00000000000,0.00000000000,0.00000000000,0.00000000000,0.00000000000,0.00000000000,0.00000000000,0.00000000000,0.00000000000,0.00000000000,0.00000000000,0.00000000000,0.00000000000,0.00000000000
0.00000000000,0.00000000000,0.00000000000,0.00000000000,0.00000000000,0.00000000000,0.00000000000,0.00000000000,0.00000000000,0.00000000000,0.00000000000,0.00000000000,0.00000000000,0.00000000000,0.00000000000,0.00000000000,0.00000000000,0.00000000000,0.00000000000,0.00000000000,0.00000000000,0.00000000000,0.00000000000,0.00000000000,0.00000000000,0.00000000000,0.00000000000,0.00000000000,0.00000000000,0.00000000000,0.00000000000,0.00000000000,0.00000000000,0.00000000000,0.00000000000,0.00000000000,0.00000000000,0.00000000000,0.00000000000,0.00000000000,0.00000000000,0.00000000000,0.00000000000,0.00000000000,0.00000000000,0.00000000000,0.00000000000,0.00000000000,0.00000000000,0.00000000000,0.00000000000,0.00000000000,0.00000000000,0.00000000000,0.00000000000
0.00000000000,0.00000000000,0.00000000000,0.00000000000,0.00000000000,0.00000000000,0.00000000000,0.00000000000,0.00000000000,0.00000000000,0.00000000000,0.00000000000,0.00000000000,0.00000000000,0.00000000000,0.00000000000,0.00000000000,0.00000000000,0.00000000000,0.00000000000,0.00000000000,0.00000000000,0.00000000000,0.00000000000,0.00000000000,0.00000000000,0.00000000000,0.00000000000,0.00000000000,0.00000000000,0.00000000000,0.00000000000,0.00000000000,0.00000000000,0.00000000000,0.00000000000,0.00000000000,0.00000000000,0.00000000000,0.00000000000,0.00000000000,0.00000000000,0.00000000000,0.00000000000,0.00000000000,0.00000000000,0.00000000000,0.00000000000,0.00000000000,0.00000000000,0.00000000000,0.00000000000,0.00000000000,0.00000000000,0.00000000000
2.46840516205e-32,-3.83477813167e-32,-1.06957717658e-32,-3.23536770896e-32,3.53247011790e-32,6.75032574763e-32,6.77767986611e-32,9.76476145244e-32,-8.09608798642e-32,-2.53429248356e-32,-1.10995846940e-32,-1.66449274338e-31,9.12126103135e-33,1.31021581030e-31,-1.91169676027e-31,3.54505801397e-33,-2.62012025403e-32,-3.93480473437e-33,-9.53054868607e-32,4.52200271602e-32,-8.52348673002e-32,4.30736723543e-32,8.17663634874e-32,1.13697669867e-31,3.95794500939e-32,1.23430742104e-31,-1.66445027587e-31,-2.60155811343e-31,1.27641461675e-31,1.33154067713e-31,-2.39374539153e-31,9.17382072629e-32,3.93950596553e-31,-3.96469862535e-31,2.72374538584e-31,-1.62966048650e-31,-1.02213957877e-31,-4.56111452893e-31,-1.31757247558e-31,1.75983876368e-31,8.67146044138e-33,1.19998932350e-31,-1.45172415667e-31,-7.57780673782e-32,4.11228787602e-31,-4.67985487414e-31,1.71054889397e-31,7.90862144253e-32,6.51765251695e-31,6.89171810726e-31,9.83046748529e-32,2.55548145652e-32,-8.55304512919e-32,-2.44032157694e-31,-2.57512489512e-32
2.46921826766e-32,-3.84150073087e-32,-1.09337209956e-32,-3.23437862921e-32,3.49355707740e-32,6.76587023796e-32,6.75207768718e-32,9.66819458570e-32,-7.94257483346e-32,-2.49846288069e-32,-1.08582806723e-32,-1.64589311394e-31,9.00725466285e-33,1.28823047227e-31,-1.88411529030e-31,3.48277010530e-33,-2.60260509956e-32,-4.20845322573e-33,-9.38460234467e-32,4.46104621706e-32,-8.52088397073e-32,4.24272721682e-32,8.00928758334e-32,1.11698374123e-31,3.91283256759e-32,1.20706077430e-31,-1.63051186380e-31,-2.54130593407e-31,1.25620360097e-31,1.29922206081e-31,-2.33721582625e-31,8.97096085099e-32,3.79311940540e-31,-3.81916458886e-31,2.63242130137e-31,-1.55455766031e-31,-9.84486931388e-32,-4.36901386509e-31,-1.25910372632e-31,1.67994811155e-31,7.91231982249e-33,1.13399219536e-31,-1.39240462455e-31,-7.24117332059e-32,3.91636898469e-31,-4.45571864764e-31,1.63440411791e-31,7.75983941869e-32,6.18993738636e-31,6.54685180369e-31,9.10385361537e-32,2.36128306795e-32,-8.11006165053e-32,-2.30812563804e-31,-2.48313899224e-32
2.46991309644e-32,-3.84779787024e-32,-1.11602161837e-32,-3.23305006854e-32,3.45643097626e-32,6.77997602268e-32,6.72709048621e-32,9.57592379163e-32,-7.79670752126e-32,-2.46429688981e-32,-1.06289246049e-32,-1.62813742326e-31,8.89474798819e-33,1.26732489659e-31,-1.85779052899e-31,3.42139302989e-33,-2.58580468161e-32,-4.47004949574e-33,-9.24697650807e-32,4.40322208849e-32,-8.51558813739e-32,4.18096319165e-32,7.84924424538e-32,1.09793298847e-31,3.86945630826e-32,1.18112203597e-31,-1.59825337186e-31,-2.48384124087e-31,1.23655516855e-31,1.26848473433e-31,-2.28297580563e-31,8.77547133252e-32,3.65487239654e-31,-3.68147628262e-31,2.54552759060e-31,-1.48427284625e-31,-9.48452634634e-32,-4.18780188226e-31,-1.20423455360e-31,1.60504476169e-31,7.19794414342e-33,1.07238805347e-31,-1.33572501701e-31,-6.92311832774e-32,3.73227655493e-31,-4.24562648260e-31,1.56288930886e-31,7.61988740845e-32,5.88229040991e-31,6.22340666484e-31,8.42520802295e-32,2.17908052179e-32,-7.69480971101e-32,-2.18429909649e-31,-2.39613283711e-32
2.47065592962e-32,-3.85467107119e-32,-1.14078875579e-32,-3.23134023657e-32,3.41587755744e-32,6.79485355535e-32,6.69926017983e-32,9.47503270399e-32,-7.63800909320e-32,-2.42700602525e-32,-1.03789576840e-32,-1.60873056481e-31,8.76786299862e-33,1.24457850566e-31,-1.82906547494e-31,3.35240134624e-33,-2.56711358457e-32,-4.75327518087e-33,-9.09806545421e-32,4.34008360306e-32,-8.50670750422e-32,4.11332520156e-32,7.67448633267e-32,1.07717980946e-31,3.82164718150e-32,1.15290266200e-31,-1.56297332429e-31,-2.42102370804e-31,1.21482860626e-31,1.23489216300e-31,-2.22361286741e-31,8.56086503563e-32,3.50529321535e-31,-3.53237529328e-31,2.45105846214e-31,-1.40873086863e-31,-9.09253124239e-32,-3.99231641599e-31,-1.14516713096e-31,1.52454444454e-31,6.43491650943e-33,1.00649201747e-31,-1.27420258604e-31,-6.58000687193e-32,3.53438267536e-31,-4.02004802393e-31,1.48591365681e-31,7.46404658986e-32,5.55209232839e-31,5.87636135974e-31,7.70360293316e-32,1.98529874746e-32,-7.24985552540e-32,-2.05176379345e-31,-2.30158834262e-32
2.47158115820e-32,-3.86335505470e-32,-1.17209215633e-32,-3.22883488493e-32,3.36470853613e-32,6.81290493222e-32,6.66338607620e-32,9.34759357460e-32,-7.43866843479e-32,-2.37999009000e-32,-1.00643217055e-32,-1.58422581714e-31,8.60205160117e-33,1.21600587899e-31,-1.79286898246e-31,3.26262704947e-33,-2.54300365825e-32,-5.10640077946e-33,-8.91209711165e-32,4.26039665022e-32,-8.49109092151e-32,4.02772152434e-32,7.45414558199e-32,1.05107548115e-31,3.76069680376e-32,1.11746275165e-31,-1.51837562851e-31,-2.34168838234e-31,1.18705364275e-31,1.19246859570e-31,-2.14857881747e-31,8.28870896592e-32,3.31858697252e-31,-3.34610781741e-31,2.33253093870e-31,-1.31513155888e-31,-8.60066638597e-32,-3.74918680800e-31,-1.07185544029e-31,1.42482871896e-31,5.49755270889e-33,9.25313935821e-32,-1.19720775294e-31,-6.15335542473e-32,3.28924216361e-31,-3.74094544163e-31,1.39039863113e-31,7.26258831927e-32,5.14381812452e-31,5.44738107320e-31,6.82146045270e-32,1.74845584472e-32,-6.70074548774e-32,-1.88842198342e-31,-2.18297440984e-32
2.47265559840e-32,-3.87372378494e-32,-1.20955252667e-32,-3.22532044857e-32,3.30357978348e-32,6.83335960669e-32,6.61936023389e-32,9.19514548926e-32,-7.20192358356e-32,-2.32387692189e-32,-9.68965721149e-33,-1.55492440791e-31,8.39546358536e-33,1.18207116626e-31,-1.74971308663e-31,3.15145639851e-33,-2.51334435730e-32,-5.52061392040e-33,-8.69266307121e-32,4.16509704135e-32,-8.46580092006e-32,3.92506623205e-32,7.19136403520e-32,1.02001996780e-31,3.68693407558e-32,1.07539171922e-31,-1.46496225626e-31,-2.24682749119e-31,1.15336711857e-31,1.14173403770e-31,-2.05882831213e-31,7.96188897345e-32,3.09864289578e-31,-3.12647911108e-31,2.19204741678e-31,-1.20586422463e-31,-8.01808717767e-32,-3.46415807336e-31,-9.86099729758e-32,1.30848916918e-31,4.41716443794e-33,8.31274493688e-32,-1.10632704248e-31,-5.65344471970e-32,3.00330569666e-31,-3.41582061651e-31,1.27871699432e-31,7.01400533265e-32,4.66876694440e-31,4.94837590161e-31,5.81067021173e-32,1.47731868267e-32,-6.06339496843e-32,-1.69916543088e-31,-2.04232111450e-32
2.47383895061e-32,-3.88562623649e-32,-1.25272198674e-32,-3.22055240208e-32,3.23326494146e-32,6.85532231755e-32,6.56706519043e-32,9.01951097695e-32,-6.93157452227e-32,-2.25939793563e-32,-9.26047156678e-33,-1.52118187411e-31,8.14602691492e-33,1.14331834201e-31,-1.70020251720e-31,3.01832203121e-33,-2.47797680644e-32,-5.98512210973e-33,-8.44384108958e-32,4.05527137345e-32,-8.42751100561e-32,3.80644286069e-32,6.88989999212e-32,9.84479503131e-32,3.60076275031e-32,1.02737866068e-31,-1.40333491686e-31,-2.13762753283e-31,1.11394329119e-31,1.08331440737e-31,-1.95551170250e-31,7.58392791017e-32,2.85001267054e-31,-2.87795716608e-31,2.03210085967e-31,-1.08369467249e-31,-7.35571710463e-32,-3.14392481091e-31,-8.89990317140e-32,1.17852312118e-31,3.22977451104e-33,7.27155970806e-32,-1.00344762488e-31,-5.09228696760e-32,2.68404430246e-31,-3.05333461364e-31,1.15362027953e-31,6.71688764715e-32,4.13999062227e-31,4.39309274410e-31,4.70761585082e-32,1.18189483633e-32,-5.35612121637e-32,-1.48961513294e-31,-1.88205807678e-32
2.47510205636e-32,-3.89891825863e-32,-1.30110790143e-32,-3.21427841139e-32,3.15465506624e-32,6.87784429123e-32,6.50642409975e-32,8.82280568988e-32,-6.63190648130e-32,-2.18737554429e-32,-8.78307855726e-33,-1.48340821439e-31,7.85153180574e-33,1.10035984035e-31,-1.64502433816e-31,2.86276496893e-33,-2.43675255580e-32,-6.48762555502e-33,-8.17009850926e-32,3.93217336945e-32,-8.37270328182e-32,3.67310201224e-32,6.55403125682e-32,9.44973206508e-32,3.50268198722e-32,9.74190003520e-32,-1.33420392328e-31,-2.01545581885e-31,1.06898482181e-31,1.01794440970e-31,-1.83993827177e-31,7.15885789983e-32,2.57778904402e-31,-2.60554636969e-31,1.85549831414e-31,-9.51696442638e-32,-6.62574266341e-32,-2.79590325250e-31,-7.85851944426e-32,1.03824241700e-31,1.97412401513e-33,6.16007286882e-32,-8.90667724672e-32,-4.48317598361e-32,2.33968551373e-31,-2.66302041331e-31,1.01815658603e-31,6.37063405271e-32,3.57179900028e-31,3.79661225926e-31,3.55132322279e-32,8.72841395575e-33,-4.59891465728e-32,-1.26588992187e-31,-1.70500058011e-32
2.47642304492e-32,-3.91345860773e-32,-1.35418278376e-32,-3.20624575356e-32,3.06873063187e-32,6.89994383101e-32,6.43739495852e-32,8.60737491499e-32,-6.30756750917e-32,-2.10869654163e-32,-8.26444881596e-33,-1.44205546145e-31,7.50971622260e-33,1.05385857503e-31,-1.58493023412e-31,2.68452459563e-33,-2.38952412128e-32,-7.01432141338e-33,-7.87608516569e-32,3.79716931700e-32,-8.29780116591e-32,3.52642861971e-32,6.18848461939e-32,9.02057468499e-32,3.39327854702e-32,9.16648927959e-32,-1.25836948279e-31,-1.88183238495e-31,1.01872782998e-31,9.46452564929e-32,-1.71356259912e-31,6.69121211828e-32,2.28746289636e-31,-2.31465809558e-31,1.66530539445e-31,-8.13144403248e-32,-5.84145378426e-32,-2.42801712797e-31,-6.76168388095e-32,8.91161340724e-32,6.90438593849e-34,5.01031891694e-32,-7.70264987634e-32,-3.84032946843e-32,1.97894961065e-31,-2.25495720820e-31,8.75572207175e-32,5.97554554980e-32,2.97928767743e-31,3.17484052938e-31,2.38198516269e-32,5.61080548851e-33,-3.81274335411e-32,-1.03439018698e-31,-1.51429428185e-32
2.47777511040e-32,-3.92909187853e-32,-1.41139089736e-32,-3.19620279784e-32,2.97651931778e-32,6.92060917387e-32,6.35994153969e-32,8.37569324530e-32,-5.96341496393e-32,-2.02427778411e-32,-7.71200466376e-33,-1.39759886113e-31,7.11834036184e-33,1.00450545135e-31,-1.52071342383e-31,2.48362898131e-33,-2.33611719982e-32,-7.54978941465e-33,-7.56637823921e-32,3.65165243881e-32,-8.19927546237e-32,3.36789298976e-32,5.79835755706e-32,8.56307954093e-32,3.27320554280e-32,8.55613317163e-32,-1.17668938596e-31,-1.73839071807e-31,9.63450682393e-32,8.69736432029e-32,-1.57797396950e-31,6.18604155211e-32,1.98475875018e-31,-2.01096601096e-31,1.46478922421e-31,-6.71388110105e-32,-5.01716763153e-32,-2.04847067597e-31,-5.63494644920e-32,7.40870237145e-32,-5.80591845018e-34,3.85464241374e-32,-6.44678680293e-32,-3.17853050335e-32,1.61076881501e-31,-1.83941269498e-31,7.29200892774e-32,5.53267516717e-32,2.37784648860e-31,2.54397041594e-31,1.23957522750e-32,2.57476756564e-33,-3.01883492059e-32,-8.01577206345e-32,-1.31333450896e-32
2.47913254007e-32,-3.94566054227e-32,-1.47216475511e-32,-3.18391617371e-32,2.87907848418e-32,6.93884517380e-32,6.27405314794e-32,8.13033035960e-32,-5.60440824085e-32,-1.93504642898e-32,-7.13349149881e-33,-1.35052944449e-31,6.67529970632e-33,9.53003843172e-32,-1.45319399707e-31,2.26047373265e-33,-2.27634048402e-32,-8.07721388260e-33,-7.24532311090e-32,3.49701150273e-32,-8.07380876829e-32,3.19903112892e-32,5.38903572745e-32,8.08305856370e-32,3.14318452009e-32,7.91955377848e-32,-1.09006788768e-31,-1.58685372099e-31,9.03477336574e-32,7.88751470160e-32,-1.43487603496e-31,5.64887622742e-32,1.67549109475e-31,-1.70026991825e-31,1.25735313195e-31,-5.29750988859e-32,-4.16795301506e-32,-1.66552137740e-31,-4.50383275785e-32,5.90925355348e-32,-1.79926339618e-33,2.72459626662e-32,-5.16457659165e-32,-2.51272357584e-32,1.24401450336e-31,-1.42651884793e-31,5.82365940148e-32,5.04403582354e-32,1.78266856107e-31,1.91996129201e-31,1.62290248406e-33,-2.75920631516e-34,-2.23796409315e-32,-5.73750967264e-32,-1.10570791552e-32
2.48047375684e-32,-3.96301202587e-32,-1.53593808923e-32,-3.16917882585e-32,2.77747824334e-32,6.95370578199e-32,6.17975966141e-32,7.87391532875e-32,-5.23550564362e-32,-1.84192027328e-32,-6.53686474318e-33,-1.30134680229e-31,6.17872893844e-33,9.00054011977e-32,-1.38320217653e-31,2.01587573014e-33,-2.21000814275e-32,-8.57879360411e-33,-6.91690825522e-32,3.33461766627e-32,-7.91844499749e-32,3.02142812519e-32,4.96607919337e-32,7.58623291659e-32,3.00400509022e-32,7.26539065662e-32,-9.99453199642e-32,-1.42901228366e-31,8.39172230277e-32,7.04504990236e-32,-1.28605275917e-31,5.08561968111e-32,1.36543150839e-31,-1.38836127325e-31,1.04646130466e-31,-3.91448196759e-32,-3.30920667290e-32,-1.28725305167e-31,-3.39320803458e-32,4.44751266152e-32,-2.92851075180e-33,1.64996694149e-32,-3.88184027675e-32,-1.85758228905e-32,8.87235260505e-32,-1.02597742076e-31,4.38291937982e-32,4.51299572397e-32,1.20827297608e-31,1.31804495541e-31,-8.15034143609e-33,-2.84708308968e-33,-1.48976802758e-32,-3.56835265148e-32,-8.95142345479e-33
2.48177811742e-32,-3.98099504822e-32,-1.60215206109e-32,-3.15181369370e-32,2.67278072608e-32,6.96431045594e-32,6.07713417913e-32,7.60909002757e-32,-4.86156590932e-32,-1.74579006945e-32,-5.93017409462e-33,-1.25055045820e-31,5.62711583267e-33,8.46338186968e-32,-1.31156224185e-31,1.75112483277e-33,-2.13695418544e-32,-9.03608185898e-33,-6.58464665143e-32,3.16580180257e-32,-7.73071246870e-32,2.83670155168e-32,4.53512544725e-32,7.07810999181e-32,2.85652297785e-32,6.60201718023e-32,-9.05830225010e-32,-1.26670478144e-31,7.70940899112e-32,6.18047464463e-32,-1.13334400405e-31,4.50248677588e-32,1.06018588400e-31,-1.08090151898e-31,8.35575261521e-32,-2.59505730765e-32,-2.45633160420e-32,-9.21375020154e-32,-2.32666765255e-32,3.05550101674e-32,-3.93522882649e-33,6.57877165834e-33,-2.62413033719e-32,-1.22713321048e-32,5.48423139687e-32,-6.46792268162e-32,3.00023205244e-32,3.94449881803e-32,6.68084950121e-32,7.52286242818e-32,-1.66223734690e-32,-5.05790022353e-33,-7.92149414981e-33,-1.56191835775e-32,-6.85449314475e-33
2.48301955113e-32,-3.99945054912e-32,-1.67025795930e-32,-3.13167344995e-32,2.56601854648e-32,6.96985010791e-32,5.96628847299e-32,7.33845882460e-32,-4.48725448227e-32,-1.64750146321e-32,-5.32144016542e-33,-1.19863052081e-31,5.01944877488e-33,7.92506507211e-32,-1.23907671853e-31,1.46803254210e-33,-2.05704179239e-32,-9.43028772718e-33,-6.25146577304e-32,2.99182498274e-32,-7.50872664420e-32,2.64648285684e-32,4.10179472460e-32,6.56387645053e-32,2.70164595165e-32,5.93737654947e-32,-8.10210370420e-32,-1.10179644415e-31,6.99232988606e-32,5.30460456777e-32,-9.78625280468e-32,3.90596061567e-32,7.65077852907e-32,-7.83308022259e-32,6.28097278927e-32,-1.36679850324e-32,-1.62449163639e-32,-5.75041678340e-32,-1.32594117207e-32,1.76216024000e-32,-4.79127273978e-33,-2.28037997501e-33,-1.41626647712e-32,-6.34427361343e-33,2.34803744749e-32,-2.97023064378e-32,1.70346437001e-32,3.34507519939e-32,1.74066828323e-32,2.35191535742e-32,-2.35486040671e-32,-6.84358855513e-33,-1.60763758984e-33,2.35378270634e-33,-4.80450497671e-33
2.48416818778e-32,-4.01821601342e-32,-1.73972667233e-32,-3.10864452574e-32,2.45818126821e-32,6.96960904986e-32,5.84738309591e-32,7.06455866207e-32,-4.11696057882e-32,-1.54783808756e-32,-4.71853040002e-33,-1.14606119371e-31,4.35539283236e-33,7.39165037120e-32,-1.16651191541e-31,1.16896048587e-33,-1.97018145938e-32,-9.74269863555e-33,-5.91963444420e-32,2.81386000365e-32,-7.25129333391e-32,2.45240060516e-32,3.67157480868e-32,6.04830210090e-32,2.54030781958e-32,5.27880838741e-32,-7.13624227193e-32,-9.36157635335e-32,6.24540673773e-32,4.42843047357e-32,-8.23778909534e-32,3.30270957129e-32,4.85033908941e-32,-5.00637575308e-32,4.27306961041e-32,-2.53828394704e-33,-8.28316139387e-33,-2.54676982043e-32,-4.10327496590e-33,5.92562663756e-33,-5.47435327960e-33,-9.88359109762e-33,-2.81812260227e-33,-9.12159556265e-34,-4.73599319180e-33,1.64410884696e-33,5.17170226797e-33,2.72275832871e-32,-2.63621065281e-32,-2.22649217948e-32,-2.87498027214e-32,-8.15749956215e-33,3.91433241128e-33,1.78571326355e-32,-2.83887728379e-33
2.48520350388e-32,-4.03714915140e-32,-1.81006910614e-32,-3.08266650966e-32,2.35020632289e-32,6.96301921461e-32,5.72065660384e-32,6.78984477382e-32,-3.75472072532e-32,-1.44751255284e-32,-4.12902457838e-33,-1.09329702931e-31,3.63540966374e-33,6.86865552187e-32,-1.09458644073e-31,8.56808667014e-34,-1.87635209176e-32,-9.95521967140e-33,-5.59073558082e-32,2.63297772560e-32,-6.95800276596e-32,2.25606768999e-32,3.24970941693e-32,5.53567136430e-32,2.37345561721e-32,4.63291082583e-32,-6.17107480180e-32,-7.71635349318e-32,5.47398707916e-32,3.56292949575e-32,-6.70663693761e-32,2.69949962902e-32,2.24466045198e-32,-2.37466377493e-32,2.36292418974e-32,7.23872082349e-33,-8.15826066498e-34,3.41934911544e-33,4.03845336941e-33,-4.32805999393e-33,-5.96875508935e-33,-1.60850542792e-32,7.57492511532e-33,3.92367150423e-33,-2.92945468447e-32,2.88081003244e-32,-5.38088711581e-33,2.08691331575e-32,-6.36917450950e-32,-6.12874890745e-32,-3.21182284312e-32,-8.97262293069e-33,8.54567983237e-33,3.06099353744e-32,-9.93242426980e-34
2.48612286091e-32,-4.05614396141e-32,-1.88085287153e-32,-3.05375043948e-32,2.24296247024e-32,6.94970329846e-32,5.58644079895e-32,6.51665749291e-32,-3.40414169639e-32,-1.34716250755e-32,-3.56007009957e-33,-1.04076695417e-31,2.86079862650e-33,6.36095220331e-32,-1.02395970356e-31,5.34967261027e-34,-1.77561232185e-32,-1.00509118616e-32,-5.26566434841e-32,2.45012512213e-32,-6.62927209327e-32,2.05906682355e-32,2.84110211846e-32,5.02973812341e-32,2.20204916482e-32,4.00545984582e-32,-5.21676647919e-32,-6.10019128818e-32,4.68388729566e-32,2.71882621583e-32,-5.21090480585e-32,2.10313310626e-32,-1.28343457458e-33,2.21778957407e-34,5.78878771289e-33,1.55106564203e-32,6.03049644374e-33,2.87079517576e-32,1.10367986237e-32,-1.29861197538e-32,-6.26571576751e-33,-2.07918513567e-32,1.68223361928e-32,8.08070937692e-33,-4.98106842959e-32,5.13894132224e-32,-1.44627807042e-32,1.44797073841e-32,-9.40072709510e-32,-9.29577528940e-32,-3.36205457049e-32,-9.28220712280e-33,1.22210836229e-32,4.04358070647e-32,6.99496210108e-34
2.48693851982e-32,-4.07512695498e-32,-1.95170509350e-32,-3.02197829807e-32,2.13723367910e-32,6.92947693094e-32,5.44515461346e-32,6.24718318294e-32,-3.06834454617e-32,-1.24734550843e-32,-3.01826937995e-33,-9.88867602079e-32,2.03378720358e-33,5.87268725411e-32,-9.55220592475e-32,2.07267577057e-34,-1.66811113007e-32,-1.00145077871e-32,-4.94465441813e-32,2.26611015234e-32,-6.26634503960e-32,1.86293704582e-32,2.45022036340e-32,4.53370010383e-32,2.02704315476e-32,3.40135457525e-32,-4.28310985234e-32,-4.53015195298e-32,3.88141336019e-32,1.90638849772e-32,-3.76800133561e-32,1.52038830163e-32,-2.23768268740e-32,2.15092495332e-32,-1.05373962661e-32,2.21762802219e-32,1.21425224782e-32,5.00612468393e-32,1.68000245270e-32,-1.99499098397e-32,-6.36347623195e-33,-2.39659623852e-32,2.47571775972e-32,1.14970429532e-32,-6.60349267744e-32,6.91468659516e-32,-2.19620813652e-32,8.17102812504e-33,-1.16975187550e-31,-1.16941031156e-31,-3.32971390140e-32,-9.09936334314e-33,1.49096079218e-32,4.72651100270e-32,2.21000816540e-33
2.48766915489e-32,-4.09404353005e-32,-2.02230619360e-32,-2.98748690828e-32,2.03371101173e-32,6.90232305878e-32,5.29729003214e-32,5.98342868219e-32,-2.74993668569e-32,-1.14853063834e-32,-2.50960888582e-33,-9.37958360705e-32,1.15772665260e-33,5.40724168953e-32,-8.88877477114e-32,-1.22053887669e-34,-1.55410445712e-32,-9.83294217642e-33,-4.62733689493e-32,2.08160065140e-32,-5.87127263392e-32,1.66916236176e-32,2.08098923700e-32,4.05019077782e-32,1.84934072052e-32,2.82456723417e-32,-3.37944503838e-32,-3.02230138059e-32,3.07333784165e-32,1.13526093683e-32,-2.39440572251e-32,9.57946066677e-33,-4.05970603558e-32,3.98551355111e-32,-2.51297991836e-32,2.71871150915e-32,1.74220337830e-32,6.72588206532e-32,2.12751259629e-32,-2.51765266234e-32,-6.26704617609e-33,-2.56240902794e-32,3.12427430710e-32,1.41323540887e-32,-7.78551663438e-32,8.19996442711e-32,-2.78167133220e-32,2.05828347042e-33,-1.32504363942e-31,-1.33159576035e-31,-3.12581619406e-32,-8.45570535598e-33,1.66142510858e-32,5.11327865372e-32,3.51333051160e-33
2.48833295152e-32,-4.11284654314e-32,-2.09238276022e-32,-2.95045092912e-32,1.93299054544e-32,6.86836536828e-32,5.14340182245e-32,5.72720947730e-32,-2.45100265354e-32,-1.05109200028e-32,-2.03941304990e-33,-8.88358438099e-32,2.37323580227e-34,4.96721930636e-32,-8.25350727082e-32,-4.48392840394e-34,-1.43397447820e-32,-9.49592771754e-33,-4.31283500316e-32,1.89713153676e-32,-5.44688246731e-32,1.47916299834e-32,1.73669061036e-32,3.58129636435e-32,1.66974185145e-32,2.27812427130e-32,-2.51457845607e-32,-1.59155905621e-32,2.26688793279e-32,4.14284063271e-33,-1.10546916550e-32,4.22328349644e-33,-5.57836836835e-32,5.50740687780e-32,-3.78056184963e-32,3.05479299329e-32,2.17872679882e-32,8.01980745417e-32,2.44484582488e-32,-2.86784005699e-32,-5.98770791071e-33,-2.58359074897e-32,3.61749366598e-32,1.59684003728e-32,-8.52951144781e-32,9.00239787737e-32,-3.20144867564e-32,-3.74442923279e-33,-1.40739640364e-31,-1.41785713943e-31,-2.76769932326e-32,-7.39927446699e-33,1.73704421229e-32,5.21727415510e-32,4.58959272550e-33
2.48894509406e-32,-4.13149203461e-32,-2.16170373574e-32,-2.91107423957e-32,1.83557185447e-32,6.82785452408e-32,4.98410346478e-32,5.48014137980e-32,-2.17310406483e-32,-9.55310932105e-33,-1.61230730450e-33,-8.40345287940e-32,-7.21219307231e-34,4.55445189199e-32,-7.64968086388e-32,-7.66849031886e-34,-1.30824777604e-32,-8.99659289142e-33,-3.99989997300e-32,1.71311913477e-32,-4.99672482883e-32,1.29429001969e-32,1.41988419348e-32,3.12859950977e-32,1.48891838512e-32,1.76414418666e-32,-1.69663550786e-32,-2.51503426322e-33,1.46975316093e-32,-2.48705523953e-33,8.47582900190e-34,-8.01561556977e-34,-6.78538437320e-32,6.70585725765e-32,-4.84215982051e-32,3.23156885532e-32,2.51744461140e-32,8.88932149567e-32,2.63453061589e-32,-3.05212269769e-32,-5.54237677466e-33,-2.47205312850e-32,3.94850325933e-32,1.70091825089e-32,-8.85091763351e-32,9.34447131590e-32,-3.45916189957e-32,-9.12803263357e-33,-1.42048777678e-31,-1.43227506536e-31,-2.27819781547e-32,-5.99223254727e-33,1.72436308484e-32,5.06092285978e-32,5.42455939564e-33
2.48951774425e-32,-4.14993937871e-32,-2.23008013131e-32,-2.86958940114e-32,1.74185015484e-32,6.78116361650e-32,4.82006135838e-32,5.24361848430e-32,-1.91727796349e-32,-8.61389687537e-33,-1.23217119636e-33,-7.94152502664e-32,-1.71027145919e-33,4.17000259628e-32,-7.07961286653e-32,-1.07236681649e-33,-1.17760825743e-32,-8.33216072200e-33,-3.68708261020e-32,1.52988271472e-32,-4.52497281787e-32,1.11581999130e-32,1.13235316784e-32,2.69323486643e-32,1.30743439930e-32,1.28392812823e-32,-9.32839030666e-33,9.85897134858e-33,6.90058426960e-33,-8.47066878358e-33,1.16374757122e-32,-5.43500497446e-33,-7.68022990813e-32,7.57805455204e-32,-5.68773900015e-32,3.25959443275e-32,2.75401961114e-32,9.34719944821e-32,2.70278387262e-32,-3.08196552151e-32,-4.95297231145e-33,-2.24406778763e-32,4.11439440956e-32,1.72808979841e-32,-8.77734668285e-32,9.26207282993e-32,-3.56292956669e-32,-1.39904289135e-32,-1.37002927453e-31,-1.38106477198e-31,-1.68472204754e-32,-4.30876374674e-33,1.63259941370e-32,4.67455341706e-32,6.00990943034e-33
2.49006134507e-32,-4.16815312014e-32,-2.29736358983e-32,-2.82625857431e-32,1.65211162715e-32,6.72878462084e-32,4.65199310044e-32,5.01879776171e-32,-1.68404990953e-32,-7.69471370530e-33,-9.02112735395e-34,-7.49969479005e-32,-2.72089791598e-33,3.81419205445e-32,-6.54465453681e-32,-1.35989385961e-33,-1.04291212638e-32,-7.50465822107e-33,-3.37293750980e-32,1.34768124518e-32,-4.03631116199e-32,9.44951866952e-33,8.75069934073e-33,2.27596120031e-32,1.12578914013e-32,8.38086807899e-33,-2.29293145644e-33,2.11054738024e-32,-6.36915683700e-34,-1.37551453007e-32,2.12072652987e-32,-9.62108182972e-33,-8.26995629756e-32,8.12911800798e-32,-6.31188298620e-32,3.15370789571e-32,2.88644022874e-32,9.41699368734e-32,2.65916610144e-32,-2.97310904834e-32,-4.24576177506e-33,-1.91949340237e-32,4.11670417407e-32,1.68315223796e-32,-8.34732881121e-32,8.80253800107e-32,-3.52486104406e-32,-1.82371480999e-32,-1.26351340524e-31,-1.27228545241e-31,-1.01824274391e-32,-2.43299577423e-33,1.47323494171e-32,4.09503709445e-32,6.34330706973e-33
2.49056477499e-32,-4.18606585833e-32,-2.36340973828e-32,-2.78133419836e-32,1.56655283409e-32,6.67125152994e-32,4.48065932850e-32,4.80662568262e-32,-1.47350049859e-32,-6.79638416105e-33,-6.24595213267e-34,-7.07944502949e-32,-3.74236208677e-33,3.48669818051e-32,-6.04520331360e-32,-1.62433806032e-33,-9.05228998214e-33,-6.52186363053e-33,-3.05625933612e-32,1.16677842028e-32,-3.53591799086e-32,7.82806496503e-33,6.48144075055e-33,1.87726761452e-32,9.44389669123e-33,4.26681215601e-33,4.09121620735e-33,3.11431086259e-32,-7.82514667485e-33,-1.83029943595e-32,2.94668368745e-32,-1.33077616729e-32,-8.56891118792e-32,8.37194468996e-32,-6.71389515013e-32,2.93254363384e-32,2.91513023104e-32,9.13221942543e-32,2.51626009873e-32,-2.74495747699e-32,-3.45034590222e-33,-1.52102530098e-32,3.96164054707e-32,1.57298439543e-32,-7.60888908637e-32,8.02260120247e-32,-3.36051933332e-32,-2.17832915112e-32,-1.10992249126e-31,-1.11551898862e-31,-3.12139038188e-33,-4.56285109123e-34,1.25956711197e-32,3.36427251581e-32,6.42834866311e-33
2.49092979808e-32,-4.20345460830e-32,-2.42795612249e-32,-2.73492714371e-32,1.48537254067e-32,6.60890679550e-32,4.30687252360e-32,4.60800313814e-32,-1.28545899366e-32,-5.91847616340e-33,-4.02005149610e-34,-6.68199087548e-32,-4.75973778971e-33,3.18683716672e-32,-5.58074357879e-32,-1.85991729770e-33,-7.65978571873e-33,-5.39946276560e-33,-2.73644591984e-32,9.87587561970e-33,-3.02978494567e-32,6.30437763251e-33,4.50676555981e-33,1.49757811118e-32,7.63331921910e-33,4.94033760946e-34,9.78732812688e-33,3.99079398420e-32,-1.45624195959e-32,-2.20962741347e-32,3.63367559368e-32,-1.64425457894e-32,-8.59890185014e-32,8.32731674657e-32,-6.89755416998e-32,2.61874282806e-32,2.84267758039e-32,8.53575507367e-32,2.28972420233e-32,-2.42037087649e-32,-2.59795590438e-33,-1.07385971664e-32,3.65991667996e-32,1.40648830285e-32,-6.61855604016e-32,6.98699383353e-32,-3.08859703943e-32,-2.45587130473e-32,-9.19472381130e-32,-9.21612259927e-32,3.98955257461e-33,1.52600960997e-33,1.00635779956e-32,2.52778333973e-32,6.27434515545e-33
