0,20,55,55
1.67703e-20,-4.81941e-20,4.27604e-20,-4.21917e-20,2.76920e-20,1.61963e-20,1.58462e-20,-6.54550e-21,5.46439e-21,-7.80888e-21,5.60106e-21,1.32135e-20,-1.84633e-20,2.97814e-21,-1.70304e-20,3.64769e-21,-3.37140e-20,8.23317e-21,-1.42551e-20,2.80625e-20,4.21283e-21,-2.61797e-20,-6.81078e-21,9.55347e-21,-1.10473e-20,1.49422e-20,-1.50999e-20,4.70795e-20,-1.77558e-20,1.51700e-20,-5.59333e-21,-1.07074e-20,-9.56442e-21,-1.40727e-20,2.28788e-20,2.29342e-20,-2.97177e-21,-8.38943e-21,-3.71530e-21,-4.38332e-21,-3.96972e-21,-2.45126e-21,2.86111e-21,-2.03476e-21,-2.80961e-21,-5.37387e-21,6.53830e-21,1.54661e-21,3.99086e-21,3.52179e-21,-3.78069e-21,1.11055e-21,3.38552e-22,2.78147e-22,1.80966e-21
2.40188e-20,-6.88972e-21,-1.73256e-20,7.67048e-21,-3.68628e-21,1.53782e-20,-1.66420e-21,-3.07290e-21,5.31368e-21,6.51117e-21,-4.74027e-21,6.06703e-21,-3.72029e-21,-3.12041e-21,3.01676e-21,-3.64332e-21,-8.21279e-22,5.08043e-21,-1.29460e-21,-3.33378e-21,8.75269e-21,3.84263e-21,1.24268e-21,-1.71718e-22,3.33011e-21,-2.62845e-21,1.41719e-21,8.97967e-22,-1.36806e-21,1.37296e-21,9.21233e-23,2.31117e-22,-5.44010e-23,1.84992e-21,7.82884e-22,-8.28629e-23,-3.59292e-22,-1.60669e-22,3.88528e-22,1.44649e-21,-3.39133e-23,4.31292e-22,2.00565e-21,-3.27925e-22,7.97362e-22,3.11718e-21,-2.53781e-21,2.44642e-22,3.77330e-21,2.95342e-22,2.40931e-21,1.08222e-22,-4.45764e-21,-6.22596e-22,-7.61047e-22
7.25541e-21,7.22606e-21,3.95253e-21,-5.71133e-21,-1.45580e-20,-2.21096e-21,9.21729e-21,1.70892e-21,-8.21639e-21,-2.02514e-20,2.40210e-21,-1.47052e-20,4.47089e-22,8.97480e-21,-6.90886e-21,3.05099e-21,3.04517e-21,-1.30668e-20,-3.95644e-21,3.79280e-21,-2.02350e-21,-1.95394e-21,-5.08230e-21,2.57894e-21,-7.68897e-22,8.56583e-21,1.63060e-22,-2.34658e-21,-4.93821e-21,-2.03369e-21,-4.09135e-21,2.28519e-21,-8.23312e-22,3.34443e-21,-1.24799e-21,-3.06489e-22,2.74382e-22,8.35867e-22,3.86702e-21,3.06678e-21,-7.62930e-22,2.80055e-21,7.43429e-21,2.47749e-21,-3.13051e-21,4.84607e-21,1.04683e-21,-2.56024e-21,-3.06821e-21,-2.94191e-21,-4.41839e-21,-4.33867e-22,1.89367e-21,3.78587e-21,-3.35244e-21
0.00000,0.00000,0.00000,0.00000,0.00000,0.00000,0.00000,0.00000,0.00000,0.00000,0.00000,0.00000,0.00000,0.00000,0.00000,0.00000,0.00000,0.00000,0.00000,0.00000,0.00000,0.00000,0.00000,0.00000,0.00000,0.00000,0.00000,0.00000,0.00000,0.00000,0.00000,0.00000,0.00000,0.00000,0.00000,0.00000,0.00000,0.00000,0.00000,0.00000,0.00000,0.00000,0.00000,0.00000,0.00000,0.00000,0.00000,0.00000,0.00000,0.00000,0.00000,0.00000,0.00000,0.00000,0.00000
0.00000,0.00000,0.00000,0.00000,0.00000,0.00000,0.00000,0.00000,0.00000,0.00000,0.00000,0.00000,0.00000,0.00000,0.00000,0.00000,0.00000,0.00000,0.00000,0.00000,0.00000,0.00000,0.00000,0.00000,0.00000,0.00000,0.00000,0.00000,0.00000,0.00000,0.00000,0.00000,0.00000,0.00000,0.00000,0.00000,0.00000,0.00000,0.00000,0.00000,0.00000,0.00000,0.00000,0.00000,0.00000,0.00000,0.00000,0.00000,0.00000,0.00000,0.00000,0.00000,0.00000,0.00000,0.00000
4.90491e-21,-1.84443e-20,2.83841e-20,-4.15571e-20,4.67416e-20,8.78872e-20,-5.65806e-20,5.45982e-20,-2.51069e-19,-2.63002e-21,-7.95052e-20,1.92660e-20,8.25506e-20,8.44236e-21,3.65689e-21,9.18357e-21,8.68104e-20,-2.25817e-20,-4.72153e-20,-1.29939e-19,3.33780e-20,-2.05790e-20,-2.62835e-19,1.36015e-19,1.32137e-19,-2.19598e-19,-2.65477e-19,1.32162e-19,8.05449e-20,-4.46592e-19,1.27920e-20,1.57653e-19,-2.54663e-19,2.11856e-19,2.23222e-19,-9.84630e-20,-4.57293e-19,1.55259e-19,5.71945e-19,-7.66231e-20,-8.32740e-19,6.10210e-20,-2.80042e-19,3.45998e-19,-2.02394e-19,-2.72056e-19,-2.38192e-19,5.63747e-19,-3.24771e-19,2.32260e-19,4.68589e-19,6.54650e-20,4.53875e-19,-4.45406e-20,6.50619e-20
8.11893e-21,-3.05180e-20,4.69933e-20,-6.87294e-20,7.74507e-20,1.45377e-19,-9.28354e-20,8.98405e-20,-4.15489e-19,-5.12832e-21,-1.31672e-19,3.46542e-20,1.34102e-19,1.44556e-20,1.65729e-21,1.66294e-20,1.42894e-19,-3.60378e-20,-7.98214e-20,-2.18903e-19,5.54733e-20,-3.57772e-20,-4.35621e-19,2.24084e-19,2.18349e-19,-3.62177e-19,-4.43577e-19,2.17742e-19,1.33833e-19,-7.35607e-19,2.19122e-20,2.60165e-19,-4.24339e-19,3.50146e-19,3.68378e-19,-1.67380e-19,-7.53289e-19,2.53874e-19,9.43621e-19,-1.15028e-19,-1.38265e-18,1.02897e-19,-4.73265e-19,5.77141e-19,-3.44535e-19,-4.47364e-19,-3.98960e-19,9.21858e-19,-5.34509e-19,4.11585e-19,7.91656e-19,1.10882e-19,7.68452e-19,-7.67978e-20,1.20157e-19
9.63466e-21,-4.46970e-20,7.88381e-20,-8.14064e-20,9.02158e-20,1.78098e-19,-3.94538e-20,4.70292e-20,-2.50316e-19,3.08026e-20,-3.85123e-20,8.72960e-21,-1.32865e-20,1.62676e-20,1.54577e-20,-9.43406e-21,3.67921e-21,-1.08063e-20,-5.97322e-20,6.52697e-20,-4.75103e-20,-1.04598e-19,1.05900e-19,-9.18239e-20,6.23103e-21,7.22247e-20,2.30710e-20,6.07847e-19,-2.58953e-19,1.11979e-19,2.47713e-20,-1.37889e-19,-9.68891e-20,-3.25724e-20,-1.48594e-19,2.88620e-19,6.72030e-20,9.38457e-20,1.25296e-19,-2.51719e-19,7.24548e-20,-6.44915e-20,1.30078e-19,6.29532e-20,9.42463e-21,-3.62290e-21,3.07669e-20,-5.90134e-20,8.22574e-21,-1.23541e-19,3.22122e-20,-5.35957e-21,-1.38133e-19,-9.62564e-21,-8.29567e-20
1.09286e-20,-5.00269e-20,9.06671e-20,-8.28833e-20,1.12629e-19,1.52116e-19,6.12693e-20,-7.27110e-21,1.88989e-20,-3.94375e-20,3.86452e-20,7.57454e-20,-1.51995e-19,1.13727e-20,-1.20943e-19,-2.79511e-20,-2.57016e-19,7.00604e-20,-4.03822e-20,3.98111e-19,1.32689e-19,-1.82063e-19,-8.34887e-20,6.23963e-20,-8.15974e-20,-8.59251e-20,8.06129e-20,-2.66086e-19,1.22073e-19,-7.07325e-20,-1.18886e-19,-3.84674e-19,1.94441e-19,8.42009e-20,-7.55899e-20,-1.26850e-19,-5.15655e-20,5.58863e-20,-5.74418e-21,2.14675e-19,-7.08132e-20,7.49668e-20,-7.68363e-21,-2.61180e-20,1.55834e-19,-1.97995e-20,4.99271e-20,3.35887e-19,1.27465e-19,4.50013e-20,-1.78436e-19,4.42927e-21,1.44786e-19,3.92259e-20,6.99278e-20
1.53954e-20,-5.63671e-20,7.66201e-20,-6.20975e-20,7.94080e-21,5.09383e-20,1.03381e-20,-1.32305e-20,2.96056e-20,2.44097e-20,1.28052e-20,-2.41963e-20,-1.62143e-20,-3.13769e-20,3.28387e-20,3.46273e-20,-3.45464e-20,-2.86144e-20,-5.45545e-20,-3.82672e-20,-1.11541e-19,2.04004e-19,-2.49882e-20,6.83242e-20,4.85358e-21,-2.70469e-20,5.71579e-20,2.08120e-21,1.47239e-20,-2.42686e-20,3.05380e-20,5.77768e-20,-2.14004e-20,-2.08969e-20,3.67133e-20,-4.36998e-21,2.58844e-20,-1.36470e-20,-4.87737e-20,-4.98807e-20,1.16859e-20,1.04764e-20,-2.17431e-20,-4.28483e-20,-1.66563e-21,-9.92218e-20,-1.43474e-19,-8.48192e-20,-2.36494e-19,-6.75941e-20,-1.38669e-19,-2.17460e-20,6.24070e-20,3.07627e-20,5.83265e-21
2.13465e-20,-4.17644e-20,-5.09768e-21,-8.37373e-21,4.49765e-20,-8.58694e-20,8.00281e-21,7.70113e-21,-7.25192e-21,-2.01777e-20,-6.64968e-21,1.04421e-20,5.65107e-21,-8.53560e-21,-1.85122e-20,-2.91329e-20,2.67566e-20,3.07104e-20,-8.34078e-20,3.05658e-20,-2.22190e-20,-2.68420e-20,8.85716e-20,7.74068e-20,7.14731e-20,2.35172e-20,1.40728e-20,-1.38666e-20,-3.72750e-20,-1.32405e-20,-3.87025e-20,2.48243e-20,-8.56114e-21,3.16489e-20,3.19629e-21,-1.51120e-20,9.18387e-21,8.79430e-21,1.05565e-20,2.66382e-21,5.75508e-21,2.38352e-20,-1.65431e-21,9.06295e-21,-6.03073e-21,-2.40741e-20,2.55520e-20,-1.77033e-20,-5.23580e-21,-1.52217e-20,-3.85590e-21,-4.42765e-21,-8.05046e-21,4.44294e-21,-1.05204e-20
2.06362e-20,-2.93537e-20,6.17323e-21,3.15038e-20,-6.54992e-20,2.24838e-20,-2.99993e-20,8.70897e-21,-1.21731e-21,4.95531e-21,3.54429e-20,1.85526e-20,-3.89060e-20,6.25681e-21,-1.03532e-20,1.77694e-20,3.23955e-20,-1.98789e-23,4.57276e-21,2.71451e-20,2.15773e-20,6.90304e-21,-2.40880e-20,2.75678e-21,1.73054e-20,5.87998e-20,-2.80523e-21,1.36380e-20,-1.11977e-20,-1.46630e-20,-3.80128e-20,2.24554e-20,8.11484e-21,2.20989e-20,-7.04530e-21,-2.62343e-20,9.71014e-21,-6.06934e-22,3.82219e-21,1.74886e-20,6.39485e-21,2.38596e-20,8.35367e-21,-1.71272e-20,5.07720e-20,-1.03467e-20,-5.53456e-20,-7.76687e-21,6.47670e-20,9.97980e-21,5.78833e-20,8.26547e-21,-6.52506e-20,4.40009e-21,-1.80801e-20
2.04506e-20,-2.70678e-20,1.54597e-20,3.96452e-20,-9.10026e-20,6.19311e-20,-2.90977e-20,1.24408e-21,1.37547e-20,-1.08457e-21,5.13209e-20,4.24711e-21,-3.98194e-20,-5.45412e-21,-2.02152e-20,-9.52568e-21,1.28080e-19,-9.36893e-21,1.48547e-20,7.74831e-20,-4.89288e-20,-1.82058e-20,-4.64509e-21,4.74468e-20,-1.04590e-19,8.32636e-20,-2.39739e-20,3.26939e-20,7.24419e-20,-2.77184e-20,-2.40554e-20,1.13234e-20,1.84142e-20,-3.58091e-20,-2.46866e-20,-3.62274e-20,2.34370e-20,-1.23282e-20,-3.03203e-20,-3.58461e-20,1.29139e-20,-7.46673e-21,-8.97143e-20,-3.81523e-20,9.71737e-20,-1.03819e-19,-4.38863e-20,8.61599e-22,7.29821e-20,3.12784e-20,9.72509e-20,2.04966e-20,-5.39836e-20,-5.40121e-21,1.56153e-21
2.43565e-20,-8.41118e-21,-1.58238e-20,3.35979e-20,2.48530e-20,2.60688e-20,3.02340e-20,-6.93009e-21,-7.71674e-22,-5.82995e-20,1.35723e-20,6.15608e-20,6.19945e-20,-2.01787e-20,-1.19006e-20,1.08657e-19,6.18583e-20,-8.59415e-20,-2.07100e-21,5.91734e-20,-1.12849e-20,-2.06574e-22,-1.08373e-20,9.37812e-21,-3.23858e-20,5.84064e-20,-2.31183e-20,4.36893e-21,3.22299e-21,-1.35621e-20,-3.24681e-20,2.10202e-20,7.17349e-21,1.27235e-20,-1.72085e-20,-2.17329e-20,9.63887e-21,5.14884e-22,8.76211e-21,1.04556e-20,4.78313e-21,1.42660e-20,1.12449e-20,-4.83424e-21,2.83279e-20,3.64888e-21,-2.33845e-20,-1.08383e-20,3.76410e-20,-3.41281e-21,3.17654e-20,2.93672e-21,-4.78188e-20,1.27052e-20,-2.60255e-20
0.00000,0.00000,0.00000,0.00000,0.00000,0.00000,0.00000,0.00000,0.00000,0.00000,0.00000,0.00000,0.00000,0.00000,0.00000,0.00000,0.00000,0.00000,0.00000,0.00000,0.00000,0.00000,0.00000,0.00000,0.00000,0.00000,0.00000,0.00000,0.00000,0.00000,0.00000,0.00000,0.00000,0.00000,0.00000,0.00000,0.00000,0.00000,0.00000,0.00000,0.00000,0.00000,0.00000,0.00000,0.00000,0.00000,0.00000,0.00000,0.00000,0.00000,0.00000,0.00000,0.00000,0.00000,0.00000
0.00000,0.00000,0.00000,0.00000,0.00000,0.00000,0.00000,0.00000,0.00000,0.00000,0.00000,0.00000,0.00000,0.00000,0.00000,0.00000,0.00000,0.00000,0.00000,0.00000,0.00000,0.00000,0.00000,0.00000,0.00000,0.00000,0.00000,0.00000,0.00000,0.00000,0.00000,0.00000,0.00000,0.00000,0.00000,0.00000,0.00000,0.00000,0.00000,0.00000,0.00000,0.00000,0.00000,0.00000,0.00000,0.00000,0.00000,0.00000,0.00000,0.00000,0.00000,0.00000,0.00000,0.00000,0.00000
0.00000,0.00000,0.00000,0.00000,0.00000,0.00000,0.00000,0.00000,0.00000,0.00000,0.00000,0.00000,0.00000,0.00000,0.00000,0.00000,0.00000,0.00000,0.00000,0.00000,0.00000,0.00000,0.00000,0.00000,0.00000,0.00000,0.00000,0.00000,0.00000,0.00000,0.00000,0.00000,0.00000,0.00000,0.00000,0.00000,0.00000,0.00000,0.00000,0.00000,0.00000,0.00000,0.00000,0.00000,0.00000,0.00000,0.00000,0.00000,0.00000,0.00000,0.00000,0.00000,0.00000,0.00000,0.00000
0.00000,0.00000,0.00000,0.00000,0.00000,0.00000,0.00000,0.00000,0.00000,0.00000,0.00000,0.00000,0.00000,0.00000,0.00000,0.00000,0.00000,0.00000,0.00000,0.00000,0.00000,0.00000,0.00000,0.00000,0.00000,0.00000,0.00000,0.00000,0.00000,0.00000,0.00000,0.00000,0.00000,0.00000,0.00000,0.00000,0.00000,0.00000,0.00000,0.00000,0.00000,0.00000,0.00000,0.00000,0.00000,0.00000,0.00000,0.00000,0.00000,0.00000,0.00000,0.00000,0.00000,0.00000,0.00000
0.00000,0.00000,0.00000,0.00000,0.00000,0.00000,0.00000,0.00000,0.00000,0.00000,0.00000,0.00000,0.00000,0.00000,0.00000,0.00000,0.00000,0.00000,0.00000,0.00000,0.00000,0.00000,0.00000,0.00000,0.00000,0.00000,0.00000,0.00000,0.00000,0.00000,0.00000,0.00000,0.00000,0.00000,0.00000,0.00000,0.00000,0.00000,0.00000,0.00000,0.00000,0.00000,0.00000,0.00000,0.00000,0.00000,0.00000,0.00000,0.00000,0.00000,0.00000,0.00000,0.00000,0.00000,0.00000
0.00000,0.00000,0.00000,0.00000,0.00000,0.00000,0.00000,0.00000,0.00000,0.00000,0.00000,0.00000,0.00000,0.00000,0.00000,0.00000,0.00000,0.00000,0.00000,0.00000,0.00000,0.00000,0.00000,0.00000,0.00000,0.00000,0.00000,0.00000,0.00000,0.00000,0.00000,0.00000,0.00000,0.00000,0.00000,0.00000,0.00000,0.00000,0.00000,0.00000,0.00000,0.00000,0.00000,0.00000,0.00000,0.00000,0.00000,0.00000,0.00000,0.00000,0.00000,0.00000,0.00000,0.00000,0.00000
0.00000,0.00000,0.00000,0.00000,0.00000,0.00000,0.00000,0.00000,0.00000,0.00000,0.00000,0.00000,0.00000,0.00000,0.00000,0.00000,0.00000,0.00000,0.00000,0.00000,0.00000,0.00000,0.00000,0.00000,0.00000,0.00000,0.00000,0.00000,0.00000,0.00000,0.00000,0.00000,0.00000,0.00000,0.00000,0.00000,0.00000,0.00000,0.00000,0.00000,0.00000,0.00000,0.00000,0.00000,0.00000,0.00000,0.00000,0.00000,0.00000,0.00000,0.00000,0.00000,0.00000,0.00000,0.00000
3.26213e-31,-6.77698e-31,-7.95266e-31,-6.47935e-31,-5.51438e-31,1.28263e-30,-3.83866e-31,-5.36262e-31,7.77641e-31,-2.90733e-31,3.73573e-31,6.29288e-31,-1.19651e-31,-1.75026e-30,1.47781e-30,-2.59644e-31,-1.15857e-31,3.96295e-32,4.73238e-31,-7.75368e-31,1.11624e-30,8.18474e-31,-1.65433e-30,4.15466e-32,-1.70170e-30,-1.32843e-30,-3.59089e-30,-4.06127e-30,3.00072e-30,-6.17944e-31,-3.97026e-30,3.36800e-30,-1.86153e-30,1.84901e-30,4.51764e-30,6.72350e-30,-2.88645e-30,3.72327e-30,3.89743e-30,-4.11203e-30,5.39703e-31,-4.26555e-30,-1.70557e-31,1.50547e-30,-5.51398e-30,5.35557e-30,-1.61979e-30,-6.77333e-31,-5.63980e-30,-7.59815e-30,-1.80169e-30,-3.88155e-31,1.29505e-30,1.64017e-30,-3.42564e-31
1.26640e-20,-2.20476e-20,-1.71085e-20,-2.00951e-21,-1.78385e-21,1.16773e-20,-1.40401e-21,9.35547e-21,-9.45269e-21,-4.93975e-21,-4.01846e-21,-1.65102e-20,-1.02273e-21,7.74297e-21,3.06628e-21,5.17602e-21,4.53105e-21,1.06985e-21,4.22984e-21,1.86193e-22,1.02609e-20,1.13061e-22,6.46893e-21,8.73603e-22,9.66914e-21,7.15718e-21,8.68538e-21,1.03086e-20,-8.23408e-21,2.61000e-21,1.13910e-20,-6.55162e-21,4.97520e-23,-2.48664e-22,-6.44265e-21,-5.73397e-21,2.82691e-21,-1.48648e-21,-2.81645e-21,3.76022e-21,-6.27622e-22,4.12923e-21,2.06580e-21,-8.55445e-22,5.30484e-21,-7.16794e-21,2.26413e-21,3.83561e-21,6.69593e-21,9.35627e-21,-3.74468e-22,-1.12746e-21,-9.42142e-22,-1.47149e-21,-2.99380e-22
1.70223e-20,-4.48934e-21,9.62881e-21,-3.52980e-21,5.10767e-21,-6.12753e-21,1.73240e-21,-1.72827e-21,8.25000e-22,-1.29359e-21,1.35532e-21,4.25562e-21,-2.12134e-21,-1.36001e-21,-2.64362e-21,-2.84430e-21,-2.49574e-21,8.74112e-22,-8.31261e-22,-1.03910e-21,-1.74729e-21,9.66526e-23,-8.69112e-22,-5.32027e-22,-1.58110e-21,-1.55525e-21,1.08700e-22,8.72814e-22,4.79297e-22,-4.21536e-22,-1.23749e-21,-3.73870e-23,1.21847e-21,-1.81548e-22,4.05030e-23,2.02045e-23,1.79230e-22,-6.65535e-22,-9.06708e-22,6.25466e-22,-4.16657e-22,4.90851e-22,1.17625e-21,-8.40619e-23,-3.91671e-22,4.70858e-22,5.11178e-22,-1.03939e-21,-1.39394e-21,-2.23471e-22,-2.27241e-23,-1.09304e-21,1.36638e-22,-5.57349e-22,-3.01195e-22
1.65594e-20,2.48317e-20,-2.39140e-20,1.10982e-21,5.77083e-21,-1.52857e-21,3.27554e-21,-4.53521e-21,1.81876e-20,-1.96025e-21,-2.45115e-20,-6.37989e-21,1.16200e-20,-1.20995e-21,-2.05133e-21,4.86227e-21,-6.87291e-21,7.05403e-21,-5.32615e-21,-3.36294e-21,-1.70411e-21,4.89550e-21,2.06079e-21,-3.87127e-21,7.72476e-21,-2.42939e-21,8.62867e-21,-1.18682e-20,-6.26747e-21,-1.42397e-20,2.46227e-22,2.97814e-21,1.60397e-20,1.37933e-20,1.55001e-21,-9.40118e-21,-1.93212e-20,1.51954e-20,-1.73844e-20,-1.13719e-20,-4.65582e-21,-2.92726e-21,-6.21729e-22,-3.32903e-21,3.78514e-21,-1.74729e-21,-2.08107e-20,1.82798e-20,1.61940e-21,-4.37562e-22,1.87258e-20,-4.18807e-20,-1.56328e-20,-9.62141e-21,-1.37417e-20
0.00000,0.00000,0.00000,0.00000,0.00000,0.00000,0.00000,0.00000,0.00000,0.00000,0.00000,0.00000,0.00000,0.00000,0.00000,0.00000,0.00000,0.00000,0.00000,0.00000,0.00000,0.00000,0.00000,0.00000,0.00000,0.00000,0.00000,0.00000,0.00000,0.00000,0.00000,0.00000,0.00000,0.00000,0.00000,0.00000,0.00000,0.00000,0.00000,0.00000,0.00000,0.00000,0.00000,0.00000,0.00000,0.00000,0.00000,0.00000,0.00000,0.00000,0.00000,0.00000,0.00000,0.00000,0.00000
0.00000,0.00000,0.00000,0.00000,0.00000,0.00000,0.00000,0.00000,0.00000,0.00000,0.00000,0.00000,0.00000,0.00000,0.00000,0.00000,0.00000,0.00000,0.00000,0.00000,0.00000,0.00000,0.00000,0.00000,0.00000,0.00000,0.00000,0.00000,0.00000,0.00000,0.00000,0.00000,0.00000,0.00000,0.00000,0.00000,0.00000,0.00000,0.00000,0.00000,0.00000,0.00000,0.00000,0.00000,0.00000,0.00000,0.00000,0.00000,0.00000,0.00000,0.00000,0.00000,0.00000,0.00000,0.00000
0.00000,0.00000,0.00000,0.00000,0.00000,0.00000,0.00000,0.00000,0.00000,0.00000,0.00000,0.00000,0.00000,0.00000,0.00000,0.00000,0.00000,0.00000,0.00000,0.00000,0.00000,0.00000,0.00000,0.00000,0.00000,0.00000,0.00000,0.00000,0.00000,0.00000,0.00000,0.00000,0.00000,0.00000,0.00000,0.00000,0.00000,0.00000,0.00000,0.00000,0.00000,0.00000,0.00000,0.00000,0.00000,0.00000,0.00000,0.00000,0.00000,0.00000,0.00000,0.00000,0.00000,0.00000,0.00000
0.00000,0.00000,0.00000,0.00000,0.00000,0.00000,0.00000,0.00000,0.00000,0.00000,0.00000,0.00000,0.00000,0.00000,0.00000,0.00000,0.00000,0.00000,0.00000,0.00000,0.00000,0.00000,0.00000,0.00000,0.00000,0.00000,0.00000,0.00000,0.00000,0.00000,0.00000,0.00000,0.00000,0.00000,0.00000,0.00000,0.00000,0.00000,0.00000,0.00000,0.00000,0.00000,0.00000,0.00000,0.00000,0.00000,0.00000,0.00000,0.00000,0.00000,0.00000,0.00000,0.00000,0.00000,0.00000
0.00000,0.00000,0.00000,0.00000,0.00000,0.00000,0.00000,0.00000,0.00000,0.00000,0.00000,0.00000,0.00000,0.00000,0.00000,0.00000,0.00000,0.00000,0.00000,0.00000,0.00000,0.00000,0.00000,0.00000,0.00000,0.00000,0.00000,0.00000,0.00000,0.00000,0.00000,0.00000,0.00000,0.00000,0.00000,0.00000,0.00000,0.00000,0.00000,0.00000,0.00000,0.00000,0.00000,0.00000,0.00000,0.00000,0.00000,0.00000,0.00000,0.00000,0.00000,0.00000,0.00000,0.00000,0.00000
0.00000,0.00000,0.00000,0.00000,0.00000,0.00000,0.00000,0.00000,0.00000,0.00000,0.00000,0.00000,0.00000,0.00000,0.00000,0.00000,0.00000,0.00000,0.00000,0.00000,0.00000,0.00000,0.00000,0.00000,0.00000,0.00000,0.00000,0.00000,0.00000,0.00000,0.00000,0.00000,0.00000,0.00000,0.00000,0.00000,0.00000,0.00000,0.00000,0.00000,0.00000,0.00000,0.00000,0.00000,0.00000,0.00000,0.00000,0.00000,0.00000,0.00000,0.00000,0.00000,0.00000,0.00000,0.00000
0.00000,0.00000,0.00000,0.00000,0.00000,0.00000,0.00000,0.00000,0.00000,0.00000,0.00000,0.00000,0.00000,0.00000,0.00000,0.00000,0.00000,0.00000,0.00000,0.00000,0.00000,0.00000,0.00000,0.00000,0.00000,0.00000,0.00000,0.00000,0.00000,0.00000,0.00000,0.00000,0.00000,0.00000,0.00000,0.00000,0.00000,0.00000,0.00000,0.00000,0.00000,0.00000,0.00000,0.00000,0.00000,0.00000,0.00000,0.00000,0.00000,0.00000,0.00000,0.00000,0.00000,0.00000,0.00000
0.00000,0.00000,0.00000,0.00000,0.00000,0.00000,0.00000,0.00000,0.00000,0.00000,0.00000,0.00000,0.00000,0.00000,0.00000,0.00000,0.00000,0.00000,0.00000,0.00000,0.00000,0.00000,0.00000,0.00000,0.00000,0.00000,0.00000,0.00000,0.00000,0.00000,0.00000,0.00000,0.00000,0.00000,0.00000,0.00000,0.00000,0.00000,0.00000,0.00000,0.00000,0.00000,0.00000,0.00000,0.00000,0.00000,0.00000,0.00000,0.00000,0.00000,0.00000,0.00000,0.00000,0.00000,0.00000
0.00000,0.00000,0.00000,0.00000,0.00000,0.00000,0.00000,0.00000,0.00000,0.00000,0.00000,0.00000,0.00000,0.00000,0.00000,0.00000,0.00000,0.00000,0.00000,0.00000,0.00000,0.00000,0.00000,0.00000,0.00000,0.00000,0.00000,0.00000,0.00000,0.00000,0.00000,0.00000,0.00000,0.00000,0.00000,0.00000,0.00000,0.00000,0.00000,0.00000,0.00000,0.00000,0.00000,0.00000,0.00000,0.00000,0.00000,0.00000,0.00000,0.00000,0.00000,0.00000,0.00000,0.00000,0.00000
1.72179e-20,-2.70389e-20,-8.69808e-21,-2.24193e-20,2.25381e-20,4.77065e-20,4.57364e-20,6.28629e-20,-4.83721e-20,-1.57569e-20,-6.46587e-21,-1.06041e-19,5.68412e-21,7.97593e-20,-1.18574e-19,2.10821e-21,-1.72667e-20,-4.14573e-21,-5.88848e-20,2.82790e-20,-5.86927e-20,2.65520e-20,4.80991e-20,6.86904e-20,2.51062e-20,7.17328e-20,-9.79760e-20,-1.49312e-19,7.77361e-20,7.56839e-20,-1.36608e-19,5.29721e-20,1.99486e-19,-2.01435e-19,1.42180e-19,-7.59522e-20,-5.15025e-20,-2.20229e-19,-6.23623e-20,8.25841e-20,2.29521e-21,5.10398e-20,-7.03075e-20,-3.56886e-20,1.88179e-19,-2.14057e-19,8.08362e-20,4.69140e-20,2.90380e-19,3.08106e-19,3.31900e-20,8.33900e-21,-3.75739e-20,-1.04543e-19,-1.31739e-20
1.64464e-20,-2.22083e-20,-4.58834e-21,2.68168e-20,4.02387e-20,-1.08265e-20,2.62109e-22,3.46518e-20,1.68646e-20,4.46203e-20,2.28602e-21,2.87388e-20,1.62408e-21,-1.96571e-20,-2.84524e-21,-2.21379e-20,2.86743e-21,7.09232e-21,-3.43862e-22,-7.54077e-21,-6.00400e-21,1.80975e-20,2.26467e-20,1.00197e-20,9.65195e-21,2.12346e-21,-3.75997e-21,-9.02252e-21,-4.19683e-21,1.91495e-20,4.91487e-21,-8.09731e-21,-1.57963e-20,2.02813e-20,-2.74100e-21,1.19854e-20,-1.46148e-20,2.14642e-21,8.75767e-21,-1.24777e-20,8.07622e-21,-1.86455e-20,-2.71285e-20,-1.27857e-20,2.39894e-20,-3.59196e-20,3.05425e-20,5.02767e-20,-4.82901e-20,-3.72877e-20,-1.00483e-19,-3.57681e-20,-7.15021e-21,5.41575e-20,1.06870e-20
1.77867e-20,-4.41545e-21,1.30678e-20,-3.96858e-20,-2.94662e-20,-6.64327e-21,1.38068e-20,-2.08845e-20,-4.45293e-21,2.29654e-20,-2.17610e-20,1.04757e-20,-4.53569e-21,2.79641e-20,6.59111e-21,-2.43508e-21,1.96521e-22,-6.71036e-21,7.47422e-21,-4.16738e-21,-4.79059e-21,-5.63116e-21,-1.03723e-21,-8.29973e-21,-8.42000e-22,1.71882e-20,-8.78482e-21,-1.31702e-21,-1.04486e-20,-1.68787e-20,2.03653e-21,1.93865e-20,-1.28946e-20,-1.76238e-20,1.02896e-20,-2.02214e-20,2.12707e-21,1.00548e-20,-9.04431e-21,-1.48822e-21,-8.57479e-21,3.56491e-21,2.50828e-20,3.96074e-21,-4.00185e-20,4.09321e-20,-1.99391e-20,2.70356e-20,6.07179e-20,2.76240e-20,-3.90660e-20,-9.89227e-22,1.22092e-21,2.05810e-20,-8.84161e-21
1.70864e-20,1.07729e-20,5.72556e-21,-3.61015e-20,1.15832e-20,-1.52071e-20,-1.51218e-20,2.56766e-20,-3.08882e-20,-1.72407e-20,5.72273e-22,1.10799e-20,3.90279e-21,-2.45699e-20,-1.34543e-20,3.99397e-21,-1.31608e-20,-6.18689e-21,2.10352e-20,-1.02102e-20,-4.94764e-21,7.21473e-21,2.12887e-21,-8.55536e-21,4.94757e-21,-6.17243e-21,1.44655e-21,-4.25060e-21,1.76826e-21,1.11983e-21,4.68998e-21,7.90630e-21,-1.33880e-20,-1.47580e-20,7.31512e-21,-2.00110e-20,6.28213e-21,4.15271e-20,1.17070e-20,-2.23678e-20,-1.40746e-21,-1.28854e-20,-2.23656e-20,8.23403e-21,-6.61752e-21,8.14063e-21,5.19078e-21,1.03574e-19,-3.41089e-21,2.11370e-20,3.00132e-20,2.59869e-20,9.55910e-20,2.70484e-20,-5.29876e-20
1.61511e-20,1.17798e-20,1.16010e-20,2.40501e-20,-8.64276e-21,2.99076e-20,-2.43397e-20,-1.95604e-20,-5.59524e-21,3.14198e-20,2.29160e-21,-1.10050e-20,-8.31620e-22,-7.90849e-21,-1.00241e-20,2.11810e-20,5.17167e-20,-1.45521e-20,-3.51634e-20,-7.51676e-21,-6.03718e-22,7.41512e-21,-1.27858e-20,-5.35966e-21,-4.34447e-21,8.02095e-21,3.38904e-21,-1.86348e-21,2.51009e-21,-7.88448e-21,7.87112e-21,2.32514e-21,6.96442e-21,-9.73052e-22,-4.06120e-21,1.04368e-20,1.75691e-20,-3.05860e-20,5.49758e-21,2.67525e-20,9.52910e-21,1.37768e-20,1.06313e-20,1.66596e-20,2.59624e-20,-3.34213e-20,-1.96429e-20,-8.63961e-20,1.60669e-20,-1.96149e-21,2.20404e-20,-3.59924e-20,-1.03861e-19,-5.93451e-20,3.78395e-20
1.61422e-20,3.18506e-20,-4.84821e-20,4.18201e-21,4.03482e-20,2.78605e-21,2.96543e-20,-5.46743e-20,-3.92655e-20,2.31188e-20,5.62680e-21,-4.55771e-21,-3.26824e-21,-1.32821e-20,1.70404e-20,5.62347e-21,-1.86564e-20,3.21000e-20,1.89549e-20,-7.39286e-21,-2.07302e-20,1.03594e-20,-2.29555e-20,1.67426e-20,-4.77534e-21,5.52945e-21,-2.46133e-20,2.89523e-20,1.25526e-20,3.14226e-20,1.59084e-20,3.34984e-20,-2.80979e-20,-8.14838e-20,-5.37491e-20,8.14854e-20,1.79942e-20,1.07021e-20,-3.34923e-20,-4.74993e-20,-5.01475e-20,-2.42677e-20,5.43698e-21,-7.21869e-20,-2.84156e-20,5.21681e-20,-3.80346e-20,1.45140e-19,-2.04260e-20,2.16287e-21,5.33377e-20,-2.37588e-19,-2.27466e-21,4.06169e-22,-1.17971e-19
