0,60,55,55
3.82976e-33,-1.49960e-32,2.34556e-32,-3.06069e-32,3.40336e-32,6.63361e-32,-4.67757e-32,4.38110e-32,-1.95224e-31,2.98997e-32,-7.09183e-32,-1.74238e-32,6.79545e-32,1.22063e-32,3.74538e-32,-3.43860e-33,7.48959e-32,-1.38543e-32,-3.09638e-32,-6.82194e-32,-2.64733e-33,1.62887e-33,-8.81913e-32,2.53406e-32,4.70310e-32,-9.73810e-32,-5.64180e-32,5.87867e-32,1.99298e-32,-1.83531e-31,-1.39347e-32,4.46838e-32,-7.02951e-32,1.16394e-31,2.96236e-32,-3.31442e-32,-1.74863e-31,1.04491e-31,2.18624e-31,-7.89445e-32,-2.91873e-31,1.06377e-32,-9.52077e-32,1.33897e-31,-7.16149e-32,-1.00759e-31,-1.05596e-31,2.02180e-31,-7.53572e-32,9.09577e-32,1.74458e-31,2.22786e-32,1.85685e-31,-1.57861e-32,3.06382e-32
4.44770e-33,-1.92985e-32,3.30900e-32,-3.65027e-32,4.33541e-32,7.65537e-32,-1.90645e-32,2.52356e-32,-1.29605e-31,4.29285e-33,-3.08719e-32,1.91363e-32,4.00850e-33,1.36864e-32,-1.00630e-32,-1.24182e-33,5.44799e-33,5.40938e-33,-2.87955e-32,4.84567e-33,1.44435e-32,-4.34920e-32,-4.75146e-32,1.80883e-32,2.07658e-32,-3.81304e-32,-6.16253e-32,1.21569e-31,-1.65588e-32,-8.11507e-32,-7.98355e-33,-5.58915e-33,-7.14690e-32,3.33734e-32,2.99837e-32,1.34114e-32,-9.42338e-32,6.09082e-32,1.38094e-31,-2.50294e-32,-1.86549e-31,2.56490e-33,-3.35326e-32,9.22747e-32,-4.53000e-32,-5.90812e-32,-3.10499e-32,1.32382e-31,-2.90004e-32,5.41743e-32,1.28843e-31,1.74516e-32,8.81944e-32,-1.68567e-32,1.20285e-32
4.63970e-33,-2.16732e-32,3.99877e-32,-3.91979e-32,4.94845e-32,9.30863e-32,-2.15778e-32,2.33579e-32,-1.13821e-31,-2.26415e-33,2.82932e-33,1.62396e-32,-4.62196e-32,-2.50066e-32,-4.57471e-32,4.45703e-34,-2.29129e-33,1.12483e-32,4.72919e-33,5.16104e-32,-2.00730e-32,-4.75429e-32,7.30304e-32,-4.30067e-32,4.84931e-32,6.77995e-32,-8.02730e-32,4.06805e-31,-1.18006e-31,1.53597e-31,6.86803e-32,-4.14499e-32,-2.31636e-31,-1.59999e-31,-4.69589e-32,1.32460e-31,2.01648e-31,1.04253e-31,1.03092e-31,-4.64430e-32,1.70168e-33,-2.12202e-32,1.12619e-31,8.88048e-32,-7.51915e-32,-3.03130e-32,-2.45253e-32,1.59150e-33,3.31949e-31,3.83974e-31,1.46755e-31,4.21017e-32,2.30685e-31,-3.36361e-32,1.76790e-31
5.19795e-33,-2.51332e-32,4.84513e-32,-4.54586e-32,5.83117e-32,7.83953e-32,4.79533e-32,-3.14983e-32,-1.61751e-33,-1.36821e-32,-1.13000e-32,6.87443e-32,-7.96708e-32,3.83239e-32,-7.86673e-32,4.26933e-32,-1.70634e-31,7.07040e-32,-9.06942e-32,5.71113e-32,7.40478e-32,-1.76793e-31,-6.68985e-32,4.76966e-32,-8.86607e-32,1.00736e-31,-9.93429e-32,9.25962e-32,-6.70404e-32,7.44031e-32,-1.20404e-31,-1.26203e-31,8.69025e-32,5.35903e-32,1.71174e-31,9.28186e-32,-1.04916e-31,-3.55873e-32,-2.17552e-32,-7.44373e-32,-5.76030e-33,-4.51730e-32,-3.43624e-32,-3.11763e-32,-2.04761e-32,3.54124e-32,-9.03406e-33,2.38654e-32,3.09549e-31,2.84024e-31,2.11180e-31,4.97778e-32,1.26885e-31,-5.54542e-32,1.36293e-31
7.15770e-33,-2.88298e-32,4.60645e-32,-3.86763e-32,3.67754e-32,5.59191e-32,1.14233e-32,-1.44004e-33,1.35681e-32,1.43406e-33,2.18425e-32,-6.49122e-33,-5.34447e-32,-3.46929e-32,-1.76098e-32,-1.37632e-32,-8.05725e-32,9.65134e-33,-2.03148e-32,1.65284e-31,1.02222e-32,2.94284e-32,-2.98511e-32,9.81664e-33,-1.78178e-32,-7.04005e-32,6.73491e-32,-7.63819e-32,2.77842e-32,-4.33780e-32,3.32335e-32,9.84739e-32,-8.63520e-33,-4.06717e-32,-1.40041e-32,-8.12800e-32,5.72633e-33,2.00695e-32,-3.58330e-32,7.29950e-33,-3.83811e-33,-2.76445e-32,3.62224e-32,3.14584e-33,5.95478e-32,-5.25750e-33,-8.39643e-32,9.22752e-32,1.31687e-31,1.64800e-31,2.25032e-32,2.51256e-32,1.32535e-31,-5.73615e-33,9.58775e-32
8.87530e-33,-3.15999e-32,4.18064e-32,-3.26244e-32,3.92878e-36,2.19814e-32,3.25177e-33,-6.48568e-33,1.16577e-32,1.19378e-32,5.50028e-33,-4.83616e-33,-1.02393e-32,-1.53009e-32,1.23366e-32,3.28713e-32,-1.40276e-32,-1.15590e-32,-1.44082e-32,-7.48490e-32,-8.00887e-32,1.45291e-31,-5.51653e-33,7.75338e-32,1.44169e-33,1.16426e-32,3.00287e-32,1.23415e-32,3.04664e-32,1.78417e-32,3.19530e-33,-3.83356e-32,4.11322e-33,1.77622e-32,2.03586e-32,2.10345e-32,2.21583e-32,-2.78374e-32,-8.86282e-33,2.44181e-32,-6.23629e-33,3.62663e-32,-3.75389e-33,-3.33874e-32,3.52378e-32,-7.34606e-32,-3.59728e-32,4.22249e-32,-2.67834e-32,2.91256e-32,-6.03918e-32,-9.55536e-34,9.52907e-32,1.03069e-32,4.63401e-32
9.15835e-33,-3.37422e-32,4.24172e-32,-3.87233e-32,-1.07957e-32,3.41893e-32,1.59363e-32,-1.67637e-32,4.56434e-32,1.07341e-32,8.30508e-33,-3.25234e-32,5.60845e-33,-1.63609e-32,1.28794e-32,-3.68813e-33,3.72827e-32,-2.32610e-32,-2.37497e-32,-6.32249e-33,-2.95781e-32,2.04236e-32,5.37186e-32,-9.85720e-32,6.17399e-32,1.22238e-32,-1.05869e-31,-4.04709e-32,-2.66224e-32,-2.01758e-32,-3.04903e-32,-1.04692e-32,1.74170e-32,-3.37967e-32,7.99432e-33,1.06620e-32,-1.01068e-32,3.06979e-32,-8.20290e-34,-2.07432e-32,1.27346e-33,-1.81182e-32,-3.00483e-32,9.80077e-33,-2.35909e-32,4.56015e-32,1.62222e-32,-1.25464e-33,-4.80724e-32,-3.20074e-32,-4.44436e-32,-1.03407e-32,-6.59796e-33,9.17788e-33,-1.82613e-32
9.51209e-33,-3.07669e-32,3.18688e-32,-3.09945e-32,-1.61654e-32,1.77257e-32,1.24257e-32,-1.84531e-32,2.64936e-32,1.47454e-32,-1.11775e-32,-1.32939e-32,3.13676e-32,2.60374e-32,2.45480e-32,3.17285e-32,-1.36804e-32,-1.50224e-32,3.01274e-32,-6.39202e-32,3.13273e-32,-1.21467e-31,2.50575e-32,-3.19556e-35,6.59374e-33,1.73979e-32,2.91020e-32,1.22100e-32,7.50339e-32,-9.20024e-36,6.37586e-32,1.32376e-32,1.50560e-33,2.07375e-32,-1.31723e-32,-2.29925e-33,-6.33634e-34,-1.78541e-32,2.21136e-32,3.01972e-32,1.52745e-34,2.81537e-32,5.43064e-32,-1.82027e-32,3.13002e-32,-5.81726e-32,-4.35383e-32,-3.16890e-32,1.04281e-32,-1.04529e-32,3.06659e-32,-1.85453e-33,-1.95906e-32,-1.75523e-33,-3.40923e-33
1.13164e-32,-3.13232e-32,2.16991e-32,-2.22552e-32,-1.92348e-33,-4.96257e-33,1.08389e-33,7.76278e-33,1.46892e-32,-2.31651e-32,1.49350e-32,1.14314e-32,1.12564e-32,-4.69225e-33,-1.31440e-32,-2.90031e-33,2.89249e-32,-1.17783e-32,1.36339e-31,-3.53146e-33,3.77850e-32,-1.02537e-32,9.45240e-33,5.15534e-32,2.77446e-34,-2.59720e-32,4.47210e-32,-6.00937e-34,-7.68892e-32,-8.35055e-33,-5.36589e-32,-2.75733e-34,-1.02389e-32,-2.16446e-32,2.54777e-34,-1.95141e-32,-1.48097e-32,2.02258e-32,-2.87051e-32,-4.01000e-32,2.07259e-34,-3.68405e-32,-5.82401e-32,4.37529e-32,-5.91204e-32,8.01424e-32,9.38348e-32,2.55701e-32,9.69704e-33,8.21095e-33,-1.16950e-32,3.44020e-33,-5.20631e-33,-3.25440e-33,-1.03582e-32
1.36547e-32,-3.17795e-32,9.83538e-33,-1.30934e-32,2.39454e-32,-4.39699e-32,1.63565e-32,2.90195e-33,1.12709e-32,-2.37414e-32,-6.16850e-33,1.64130e-32,3.59093e-33,9.01957e-33,-2.39296e-32,-4.75190e-32,3.94833e-32,2.31668e-32,-6.72021e-33,-1.64840e-33,3.10836e-32,4.45552e-32,-1.03725e-31,-7.16251e-32,-8.80715e-32,-4.46594e-32,-3.61309e-32,2.62111e-32,1.12401e-32,4.12056e-32,2.46410e-32,-5.24462e-33,9.24385e-33,4.46502e-32,1.14817e-32,1.14960e-32,1.87091e-32,-1.69275e-32,1.11763e-32,5.10962e-32,-6.96430e-33,2.88737e-32,8.15211e-32,-5.60426e-32,9.08487e-32,-3.64615e-32,-1.77130e-31,-6.25920e-33,5.06593e-32,3.22664e-32,4.85186e-32,9.65062e-33,-2.46561e-32,2.71498e-33,1.56439e-32
1.50965e-32,-3.04611e-32,1.82364e-34,-7.73576e-33,4.35782e-32,-6.81686e-32,1.63770e-32,-5.96623e-33,-3.17069e-33,-3.98466e-33,-2.87025e-32,-1.87134e-32,4.81203e-32,-8.61278e-33,1.62402e-32,-2.84074e-32,3.16668e-32,3.49325e-32,-6.78158e-32,2.00754e-32,1.40428e-32,1.31012e-33,-2.77735e-32,1.50302e-32,5.00676e-32,1.07572e-31,6.19233e-32,5.83304e-33,5.43171e-32,-3.32654e-32,3.91318e-32,-3.25930e-32,-9.80710e-33,-8.11677e-32,-2.87964e-32,1.21754e-32,-3.76365e-32,2.52330e-33,-1.22970e-32,-5.45534e-32,1.81337e-33,-5.21585e-32,-7.57693e-32,5.94813e-32,-1.12748e-31,6.03097e-32,1.90492e-31,1.55393e-32,-8.68238e-32,-4.16815e-32,-8.18820e-32,-1.29217e-32,5.31647e-32,-1.93041e-33,-1.10803e-32
1.57498e-32,-3.06443e-32,-4.76349e-33,-5.63010e-33,3.12949e-32,-5.71701e-32,3.06683e-33,1.55210e-32,-3.32999e-33,-3.42048e-32,1.74034e-32,3.79059e-32,-3.84351e-32,-4.29034e-33,-4.70430e-32,-3.05556e-32,1.73576e-32,1.84099e-32,-4.82732e-32,3.03325e-32,-2.06471e-32,-1.61464e-32,1.20666e-31,7.55833e-32,5.07948e-32,-2.12368e-32,-2.78418e-32,-2.27011e-33,-6.49837e-32,3.28754e-33,-8.01087e-32,6.35573e-32,8.30228e-33,9.43751e-32,2.38392e-32,-3.98880e-32,4.72899e-32,5.92887e-33,1.01880e-32,4.79432e-32,8.96173e-33,7.47969e-32,4.17012e-32,-6.12461e-32,1.35293e-31,-9.44930e-32,-1.86605e-31,-1.93976e-32,1.14601e-31,4.50655e-32,1.12891e-31,1.81130e-32,-7.51257e-32,-5.98817e-34,6.53956e-33
1.60271e-32,-2.85208e-32,-1.09277e-32,3.29666e-33,-1.43042e-32,-6.08248e-32,-3.64808e-32,6.69655e-33,-4.27200e-32,4.82566e-32,-1.98855e-32,-4.24801e-32,2.27347e-32,-9.63357e-34,4.16437e-32,4.55991e-32,-5.09128e-32,-3.51706e-32,-2.59760e-33,-1.70453e-32,-8.99130e-32,-4.51968e-32,6.45383e-33,-1.40471e-32,-1.19675e-31,-9.66125e-32,-3.05508e-32,-3.86029e-32,6.23833e-32,3.18558e-32,9.30433e-32,-6.16365e-32,-1.02087e-32,-7.29698e-32,1.30470e-33,6.75580e-32,-4.08854e-32,-7.64654e-34,1.59109e-32,-4.52624e-32,-2.56330e-32,-7.85794e-32,2.06070e-33,6.86242e-32,-1.56477e-31,1.22268e-31,1.76059e-31,1.33193e-32,-1.43066e-31,-5.13581e-32,-1.41881e-31,-2.72145e-32,1.04247e-31,2.23813e-33,6.12550e-34
1.52892e-32,-2.61689e-32,1.10418e-32,4.49008e-33,-5.54958e-33,-1.12202e-33,5.27328e-34,-7.59558e-34,2.41978e-33,-4.80198e-34,-7.05882e-35,-4.12707e-35,3.91577e-33,-1.74763e-34,-5.35169e-33,-4.38651e-33,-6.33851e-33,-4.51013e-33,-1.14596e-33,3.72612e-33,2.92022e-33,5.40320e-33,3.21135e-33,1.76350e-33,-3.31454e-33,-1.99630e-33,1.17967e-33,-3.48229e-33,5.28910e-33,-2.14958e-33,2.76944e-34,1.36092e-33,1.23075e-33,-2.17823e-33,-1.55449e-33,-3.65248e-33,9.42168e-34,-2.77694e-34,-1.41690e-33,1.05855e-34,6.78482e-35,-3.92474e-34,-2.71211e-33,-1.44622e-33,4.72119e-33,-3.87764e-33,-1.35317e-33,2.80082e-33,5.33299e-33,2.76870e-33,3.19902e-33,1.01852e-33,-3.70552e-34,-3.01681e-34,1.30603e-33
1.65266e-32,-2.62518e-32,-9.51763e-33,1.29168e-32,-1.42974e-32,-3.21231e-32,-3.90385e-32,3.16262e-32,-4.10887e-32,-9.56340e-33,3.56983e-32,1.74934e-32,-4.40722e-32,4.13312e-33,-1.56226e-32,3.11290e-32,-6.88766e-32,-4.24501e-32,9.58314e-32,4.66422e-32,-1.75373e-32,3.20650e-32,-5.16283e-32,-5.57471e-32,6.97634e-32,1.34700e-31,-8.37125e-33,4.32591e-32,6.40878e-33,-6.58688e-32,-6.89579e-32,3.60243e-32,2.22932e-32,-1.01030e-32,-2.00459e-32,-6.49722e-32,3.61608e-32,-7.35622e-33,-4.36021e-32,-3.60371e-34,3.42448e-32,4.34265e-32,-9.35119e-32,-7.18218e-32,1.49007e-31,-1.72629e-31,-1.04405e-31,-2.37176e-33,1.05096e-31,4.80239e-32,1.28765e-31,2.77732e-32,-6.59060e-32,-7.93623e-33,1.31268e-32
1.75231e-32,-2.61459e-32,1.87449e-33,2.29756e-32,-4.61822e-32,-5.96824e-33,-1.91921e-32,-1.81979e-33,2.13835e-33,3.62562e-32,-8.57175e-33,1.50836e-32,-1.36052e-32,1.45784e-32,2.31886e-32,4.26841e-32,-4.07137e-32,3.49544e-32,-8.07652e-32,-6.77126e-32,1.31181e-31,1.92984e-32,-1.27581e-32,-2.11061e-32,1.06241e-31,-7.76311e-32,3.57929e-32,-3.87638e-32,-1.01585e-31,4.54336e-32,1.00416e-32,-6.56435e-33,-2.34655e-32,7.50209e-32,2.78926e-32,3.89708e-32,-3.53201e-32,1.67391e-32,6.23932e-32,6.25430e-32,-2.30306e-32,1.72052e-32,1.62597e-31,6.17093e-32,-1.25302e-31,1.95060e-31,3.78557e-32,-1.07370e-32,-5.52898e-32,-5.02452e-32,-1.05177e-31,-2.72083e-32,7.73506e-33,1.84367e-32,-3.54610e-32
1.75454e-32,-2.57928e-32,1.35261e-32,3.19551e-32,-8.51580e-32,4.29521e-32,-3.20002e-32,-9.07618e-33,1.10276e-32,3.41226e-32,2.01329e-32,-2.11706e-32,-3.98561e-32,-2.16504e-32,4.47166e-33,5.35590e-33,9.93133e-32,-3.04416e-32,-6.04918e-32,2.38850e-32,7.99851e-32,2.56505e-32,7.97947e-32,4.03360e-32,-1.54732e-31,-5.87995e-32,1.31986e-33,2.99179e-32,1.24193e-31,8.88844e-33,5.58002e-32,-4.93215e-32,3.55779e-33,-1.02789e-31,-9.04057e-33,1.05656e-32,1.17183e-32,-1.77242e-32,-6.67878e-32,-9.63041e-32,1.04702e-32,-6.61872e-32,-1.60677e-31,-2.85279e-32,4.18739e-32,-1.53821e-31,3.85301e-32,3.46994e-32,-2.76157e-32,4.05686e-32,2.36385e-32,1.87906e-32,7.38607e-32,-2.80000e-32,6.15253e-32
1.92536e-32,-2.05982e-32,1.21034e-32,4.12744e-32,-5.94201e-32,5.48906e-32,-9.29333e-33,8.77070e-33,1.51561e-32,-2.08679e-32,3.83002e-32,2.42922e-32,-1.05231e-32,1.86227e-32,-2.06531e-32,-3.35876e-32,7.20186e-32,5.73162e-32,7.18729e-32,6.67364e-32,-1.65970e-31,-6.73946e-32,-1.08825e-31,2.25459e-32,4.24625e-32,1.55036e-31,-2.00939e-32,-1.76500e-33,-5.61272e-32,-3.80480e-32,-7.89680e-32,5.80895e-32,1.21238e-32,7.08192e-32,-1.53979e-32,-4.43265e-32,7.94797e-33,6.49052e-33,4.15148e-32,6.14796e-32,-1.02982e-33,5.88662e-32,8.18527e-32,2.73728e-35,3.90132e-32,6.15557e-32,-6.91503e-32,-3.83598e-32,8.32189e-32,-1.61734e-32,5.56236e-32,-1.87176e-33,-1.17499e-31,2.69888e-32,-6.29145e-32
2.20305e-32,-1.32821e-32,5.30261e-33,6.00601e-32,1.34357e-32,1.63255e-32,2.90783e-32,-9.51710e-33,9.90454e-33,3.15098e-32,-9.17928e-32,-2.96046e-32,4.36686e-32,1.13928e-32,1.59108e-32,-1.23867e-31,-1.39506e-31,1.06563e-31,-2.20538e-33,-9.51114e-32,-2.16852e-32,-3.89368e-33,-2.37036e-33,-3.47659e-32,1.01708e-31,-1.11727e-31,4.48418e-32,-3.40336e-32,-5.96809e-32,2.98440e-32,5.49744e-32,-3.09662e-32,-2.41727e-32,1.07246e-32,3.52565e-32,5.23696e-32,-2.59183e-32,1.02784e-32,1.11846e-32,1.38262e-32,-1.59552e-32,-8.82111e-33,5.40501e-32,3.77574e-32,-1.12944e-31,6.46769e-32,6.92969e-32,8.62388e-33,-1.18187e-31,-2.21306e-32,-1.26037e-31,-1.97734e-32,1.16506e-31,-6.18656e-33,3.10862e-32
2.32078e-32,-1.05587e-32,-4.77898e-33,5.58508e-32,2.65730e-32,2.13935e-32,3.60025e-32,-1.73107e-32,-1.29773e-32,-3.26384e-32,-3.56942e-32,-1.70499e-32,7.45275e-32,-5.30430e-33,-6.70321e-32,-4.89324e-32,-7.71097e-32,-1.15739e-31,-2.68436e-32,-1.90381e-32,1.29643e-31,8.61284e-32,1.29326e-31,6.96507e-33,-1.01925e-31,-5.65382e-32,-2.03999e-32,3.60232e-32,9.65215e-32,8.91489e-33,2.77513e-32,-1.42051e-32,1.22699e-32,-7.43424e-32,-1.18547e-32,-4.33799e-33,1.90882e-32,-1.65727e-32,-4.76243e-32,-6.08587e-32,1.21552e-32,-4.30873e-32,-1.27057e-31,-4.39510e-32,7.78792e-32,-1.07705e-31,-1.47451e-32,2.74804e-32,5.48648e-32,3.72989e-32,8.23862e-32,2.23210e-32,-1.57657e-32,-2.57663e-32,2.99010e-32
2.46520e-32,-8.35097e-33,-1.75305e-32,2.89757e-32,1.84897e-32,3.09386e-32,2.95523e-32,-3.99050e-33,3.64809e-34,-7.43388e-32,4.11286e-32,8.90602e-32,7.93600e-32,-1.96437e-32,-1.41139e-32,1.66270e-31,1.12362e-31,-1.01724e-31,3.96121e-33,9.63083e-32,-5.49545e-32,-2.55718e-32,-5.68972e-32,1.56961e-32,-1.97636e-32,1.15184e-31,-3.10909e-32,-4.06205e-33,-2.76202e-32,-2.51043e-32,-6.27182e-32,3.96781e-32,7.55581e-33,4.55454e-32,-2.43271e-32,-3.40630e-32,8.59645e-33,5.78839e-33,3.23948e-32,3.78306e-32,2.86909e-33,3.74890e-32,6.21436e-32,7.40801e-33,1.95138e-32,4.60229e-32,-3.21259e-32,-2.81263e-32,4.51866e-32,-2.01746e-32,2.52731e-32,-3.02464e-33,-7.62011e-32,3.02747e-32,-5.48446e-32
2.61996e-32,-4.67630e-33,-2.93980e-32,1.46497e-32,6.05923e-32,4.22349e-33,2.22537e-32,-2.16630e-33,2.21659e-32,2.78636e-34,-6.35320e-32,4.44599e-32,-8.16301e-32,-4.61136e-32,1.39664e-31,6.98672e-32,2.93285e-32,1.27540e-31,1.83313e-32,-2.61996e-32,-8.01548e-32,-5.35200e-32,-6.49162e-32,-3.37802e-32,9.46486e-32,-5.71071e-32,3.65800e-32,-3.30827e-32,-5.47217e-32,1.50557e-32,3.05928e-32,-2.19154e-32,-1.71314e-32,2.46396e-32,2.70874e-32,3.28774e-32,-1.86303e-32,1.23795e-32,5.98889e-33,1.87787e-32,-8.19155e-33,5.06644e-33,5.42545e-32,3.09795e-32,-8.43502e-32,4.11924e-32,4.11525e-32,4.78817e-33,-9.79739e-32,-1.02207e-32,-1.01665e-31,-1.60588e-32,9.37421e-32,-3.76654e-33,2.64069e-32
2.73514e-32,-2.33697e-33,-3.96948e-32,3.91160e-33,6.62097e-32,7.66058e-34,1.43360e-32,-1.07131e-32,-7.92307e-33,9.80557e-34,-3.51122e-32,-1.24803e-31,-1.61418e-31,6.63912e-33,4.58562e-32,-1.13769e-31,-6.10841e-32,3.08716e-32,2.16813e-32,-7.88351e-32,8.60801e-32,3.87606e-32,7.61394e-32,2.05750e-33,-3.55429e-32,-6.30273e-32,-4.02908e-33,2.36398e-32,6.38953e-32,1.07199e-32,3.32871e-32,-1.54103e-32,9.23647e-33,-4.78787e-32,2.50278e-33,2.80297e-33,5.48116e-33,-1.42829e-32,-3.35036e-32,-4.10412e-32,5.92784e-33,-3.35470e-32,-8.71878e-32,-2.98660e-32,4.79454e-32,-6.44211e-32,-9.04848e-33,1.92534e-32,3.95742e-32,2.79540e-32,5.85816e-32,1.29732e-32,-1.52744e-32,-2.70048e-32,2.78068e-32
2.87528e-32,1.67763e-33,-4.15582e-32,-1.30726e-32,2.21951e-32,1.94436e-32,9.44205e-33,-3.48166e-33,-2.64982e-32,-4.84225e-33,1.24802e-31,-1.24484e-31,1.25346e-32,7.77807e-32,-1.08360e-31,-3.20900e-32,1.42396e-32,-1.18030e-31,-6.48435e-33,8.62856e-33,5.00313e-32,2.17176e-32,1.43829e-32,3.68127e-32,-6.37103e-32,7.94676e-32,-3.10051e-32,1.23265e-32,1.47456e-32,-1.99211e-32,-4.08907e-32,2.84092e-32,1.12607e-32,4.82689e-33,-2.52712e-32,-2.88223e-32,1.05287e-32,-6.49762e-33,1.67215e-32,4.28977e-33,2.04523e-33,1.05533e-32,1.89827e-33,-9.23683e-33,4.55626e-32,4.24161e-33,-2.57705e-32,-1.91706e-32,6.32713e-32,-9.52128e-33,5.73541e-32,6.21988e-33,-7.47871e-32,1.92002e-32,-3.95118e-32
2.99064e-32,7.50872e-33,-4.10615e-32,-3.31217e-32,5.13568e-33,1.80309e-32,-1.07954e-32,1.07858e-32,1.36466e-32,7.37082e-32,1.13448e-31,5.54474e-32,1.32133e-31,3.23807e-32,-5.62306e-32,7.81651e-32,4.62692e-32,3.79270e-33,-2.18773e-32,3.28586e-32,-6.74217e-32,-3.31052e-32,-6.66256e-32,-6.25262e-33,4.45279e-32,2.20648e-32,1.86759e-32,-2.63122e-32,-5.50711e-32,-1.01667e-33,-1.14966e-32,1.56509e-33,-1.16823e-32,3.22884e-32,6.56541e-33,1.06678e-32,-7.86957e-33,1.32182e-32,1.99884e-32,2.58954e-32,-8.14514e-33,1.92011e-32,6.42594e-32,2.69970e-32,-5.40580e-32,4.25597e-32,1.88203e-32,-8.37146e-33,-5.91852e-32,-1.77973e-32,-6.91393e-32,-1.03236e-32,4.83692e-32,1.58542e-32,-5.74723e-33
3.10302e-32,1.06057e-32,-4.57298e-32,-5.26570e-32,3.89885e-33,5.27589e-33,-3.78252e-32,5.05123e-33,4.44211e-32,9.95706e-32,-3.30019e-32,1.34748e-31,4.99997e-32,-5.16866e-32,4.49209e-32,1.81165e-32,-1.12022e-32,1.06859e-31,2.37984e-33,-5.11423e-33,-3.93643e-32,-9.94088e-33,-8.82872e-33,-2.96922e-32,4.96267e-32,-6.80888e-32,2.65340e-32,-5.66244e-33,-5.22691e-33,1.88289e-32,3.40840e-32,-2.42725e-32,-7.44167e-33,-8.18443e-33,2.08853e-32,2.18730e-32,-7.47268e-33,4.87222e-33,-1.93593e-32,-8.02262e-33,-1.42242e-33,-1.20114e-32,-1.30272e-32,2.81703e-33,-2.79923e-32,-1.24714e-32,1.50390e-32,1.92010e-32,-4.17257e-32,1.29373e-32,-3.55556e-32,-2.89889e-33,5.27448e-32,-1.99556e-32,3.41664e-32
3.21936e-32,1.48077e-32,-4.17006e-32,-6.85287e-32,-3.28630e-32,-3.21161e-33,-4.05349e-32,-1.54342e-32,2.36168e-32,5.22285e-34,-1.40777e-31,4.70900e-32,-7.52054e-32,-6.78159e-32,5.22622e-32,-8.28931e-32,-4.94416e-32,2.34393e-32,2.34474e-32,-1.62828e-32,4.91580e-32,3.29705e-32,5.99109e-32,1.65959e-33,-3.39268e-32,-2.42187e-32,-1.63443e-32,2.79881e-32,4.90267e-32,1.71913e-33,1.37361e-32,-4.55100e-33,9.97198e-33,-2.88366e-32,-3.91205e-33,-1.02305e-32,5.63382e-33,-1.21258e-32,-2.04086e-32,-2.19218e-32,8.72475e-33,-1.72678e-32,-5.92559e-32,-2.47231e-32,4.70503e-32,-3.63541e-32,-1.75810e-32,9.83950e-33,5.44192e-32,1.65602e-32,6.23765e-32,7.46809e-33,-4.65792e-32,-1.76121e-32,7.20119e-33
3.38435e-32,2.37227e-32,-1.59744e-32,-5.81861e-32,-7.38887e-32,-5.34498e-33,1.14931e-33,-1.50534e-32,-2.21624e-32,-1.01610e-31,-8.30018e-32,-6.38248e-32,-6.42009e-32,1.21720e-33,-1.30805e-32,-5.77386e-32,-1.49511e-32,-8.73375e-32,2.68542e-33,9.71181e-33,4.23356e-32,1.89113e-32,2.29990e-32,2.68744e-32,-5.11987e-32,5.64143e-32,-2.61369e-32,1.27904e-32,1.27797e-32,-1.89007e-32,-2.51595e-32,1.85715e-32,6.79774e-33,2.94943e-34,-1.87593e-32,-2.04421e-32,7.65424e-33,-7.62915e-33,1.35849e-32,4.15549e-33,4.15107e-33,7.73223e-33,6.59682e-34,-6.70162e-33,3.07935e-32,5.47240e-33,-1.43539e-32,-1.46245e-32,4.41313e-32,-9.56154e-33,4.00824e-32,3.07358e-33,-5.11935e-32,1.44460e-32,-2.72114e-32
1.87812e-32,6.77975e-33,-1.50825e-32,-1.39405e-32,-1.87125e-33,2.95096e-33,4.41406e-33,-7.03373e-34,-1.39825e-33,-7.50995e-33,-9.99267e-34,-6.18186e-33,-6.23772e-33,1.97572e-33,1.43219e-33,2.04789e-33,3.39065e-33,-4.79315e-33,1.16989e-34,8.24965e-34,-8.87581e-34,-9.93264e-34,-2.85930e-33,1.41481e-33,-4.53121e-34,4.38640e-33,-3.44154e-34,-8.26198e-34,-1.88638e-33,-1.21042e-33,-1.96237e-33,1.28134e-33,-1.47168e-34,1.75428e-33,-7.58085e-34,-5.52373e-34,1.95400e-34,1.52313e-34,1.72778e-33,1.56516e-33,-1.61234e-34,1.30858e-33,3.31187e-33,8.93212e-34,-7.30133e-34,2.35302e-33,-4.71928e-35,-1.34386e-33,-3.08539e-34,-1.26661e-33,-9.70288e-34,-1.99242e-34,-5.29932e-34,1.64455e-33,-1.80740e-33
3.51338e-32,3.71491e-32,2.67883e-32,-2.13533e-32,-7.31444e-32,-1.13757e-32,5.60097e-32,1.27675e-32,-4.63562e-32,-1.04570e-31,3.65227e-32,-7.97255e-32,1.93596e-32,5.84184e-32,-4.31103e-32,3.39153e-32,2.46728e-32,-6.62511e-32,-2.62024e-32,2.25765e-32,-2.36801e-32,-1.78020e-32,-3.96524e-32,1.08423e-32,6.92492e-33,4.42004e-32,6.95306e-33,-1.88228e-32,-3.64725e-32,-9.48937e-33,-2.13793e-32,1.08590e-32,-7.15443e-33,2.25158e-32,-3.92765e-33,2.71919e-33,-1.45627e-34,7.33893e-33,2.28509e-32,1.97559e-32,-6.01390e-33,1.71058e-32,4.99921e-32,1.83340e-32,-2.85733e-32,3.14474e-32,1.05515e-32,-1.37581e-32,-3.13454e-32,-1.76303e-32,-3.94122e-32,-3.84282e-33,2.50030e-32,2.19366e-32,-1.59580e-32
1.43766e-32,1.80994e-32,2.05507e-32,1.55000e-33,-2.01768e-32,-6.91679e-33,3.07025e-32,1.32048e-32,-1.73588e-32,-2.39409e-32,3.40395e-32,-1.80332e-32,2.25305e-32,2.36086e-32,-1.18228e-32,2.87394e-32,1.14869e-32,-4.63768e-34,-1.22544e-32,6.44708e-33,-2.04476e-32,-1.13209e-32,-2.05373e-32,-3.62578e-33,1.72222e-32,-5.58149e-34,1.07840e-32,-1.03507e-32,-1.61248e-32,2.62488e-33,-6.10124e-34,-1.32766e-33,-4.52615e-33,7.60312e-33,4.00285e-33,7.07675e-33,-1.85698e-33,4.96935e-33,4.02800e-33,5.52563e-33,-3.52766e-33,3.58060e-33,1.71390e-32,8.24300e-33,-1.85713e-32,9.14169e-33,7.69857e-33,-6.02648e-34,-2.34314e-32,-3.22891e-33,-2.51914e-32,-1.81277e-33,2.35882e-32,3.80656e-33,2.00387e-33
2.55474e-35,3.60398e-35,4.86387e-35,1.70812e-35,-1.37713e-35,-1.62031e-35,5.66399e-35,3.27606e-35,-2.19285e-35,-1.64792e-36,6.88983e-35,-7.63922e-37,4.49041e-35,2.42397e-35,-2.02286e-36,5.40747e-35,1.22956e-35,4.43378e-35,-1.52789e-35,2.64971e-36,-3.64514e-35,-1.68475e-35,-2.58763e-35,-1.65365e-35,3.99619e-35,-3.17246e-35,2.30060e-35,-1.34581e-35,-1.57787e-35,1.42958e-35,1.24585e-35,-1.04550e-35,-6.41377e-36,4.36995e-36,1.27807e-35,1.58958e-35,-4.55517e-36,7.98475e-36,-5.43675e-36,5.45061e-37,-5.15170e-36,-2.59233e-36,9.65975e-36,8.43353e-36,-2.74204e-35,2.11861e-36,1.20297e-35,7.68555e-36,-3.73684e-35,3.88685e-36,-3.66750e-35,-1.79868e-36,4.16226e-35,-5.09256e-36,1.52991e-35
0.00000,0.00000,0.00000,0.00000,0.00000,0.00000,0.00000,0.00000,0.00000,0.00000,0.00000,0.00000,0.00000,0.00000,0.00000,0.00000,0.00000,0.00000,0.00000,0.00000,0.00000,0.00000,0.00000,0.00000,0.00000,0.00000,0.00000,0.00000,0.00000,0.00000,0.00000,0.00000,0.00000,0.00000,0.00000,0.00000,0.00000,0.00000,0.00000,0.00000,0.00000,0.00000,0.00000,0.00000,0.00000,0.00000,0.00000,0.00000,0.00000,0.00000,0.00000,0.00000,0.00000,0.00000,0.00000
0.00000,0.00000,0.00000,0.00000,0.00000,0.00000,0.00000,0.00000,0.00000,0.00000,0.00000,0.00000,0.00000,0.00000,0.00000,0.00000,0.00000,0.00000,0.00000,0.00000,0.00000,0.00000,0.00000,0.00000,0.00000,0.00000,0.00000,0.00000,0.00000,0.00000,0.00000,0.00000,0.00000,0.00000,0.00000,0.00000,0.00000,0.00000,0.00000,0.00000,0.00000,0.00000,0.00000,0.00000,0.00000,0.00000,0.00000,0.00000,0.00000,0.00000,0.00000,0.00000,0.00000,0.00000,0.00000
0.00000,0.00000,0.00000,0.00000,0.00000,0.00000,0.00000,0.00000,0.00000,0.00000,0.00000,0.00000,0.00000,0.00000,0.00000,0.00000,0.00000,0.00000,0.00000,0.00000,0.00000,0.00000,0.00000,0.00000,0.00000,0.00000,0.00000,0.00000,0.00000,0.00000,0.00000,0.00000,0.00000,0.00000,0.00000,0.00000,0.00000,0.00000,0.00000,0.00000,0.00000,0.00000,0.00000,0.00000,0.00000,0.00000,0.00000,0.00000,0.00000,0.00000,0.00000,0.00000,0.00000,0.00000,0.00000
0.00000,0.00000,0.00000,0.00000,0.00000,0.00000,0.00000,0.00000,0.00000,0.00000,0.00000,0.00000,0.00000,0.00000,0.00000,0.00000,0.00000,0.00000,0.00000,0.00000,0.00000,0.00000,0.00000,0.00000,0.00000,0.00000,0.00000,0.00000,0.00000,0.00000,0.00000,0.00000,0.00000,0.00000,0.00000,0.00000,0.00000,0.00000,0.00000,0.00000,0.00000,0.00000,0.00000,0.00000,0.00000,0.00000,0.00000,0.00000,0.00000,0.00000,0.00000,0.00000,0.00000,0.00000,0.00000
0.00000,0.00000,0.00000,0.00000,0.00000,0.00000,0.00000,0.00000,0.00000,0.00000,0.00000,0.00000,0.00000,0.00000,0.00000,0.00000,0.00000,0.00000,0.00000,0.00000,0.00000,0.00000,0.00000,0.00000,0.00000,0.00000,0.00000,0.00000,0.00000,0.00000,0.00000,0.00000,0.00000,0.00000,0.00000,0.00000,0.00000,0.00000,0.00000,0.00000,0.00000,0.00000,0.00000,0.00000,0.00000,0.00000,0.00000,0.00000,0.00000,0.00000,0.00000,0.00000,0.00000,0.00000,0.00000
0.00000,0.00000,0.00000,0.00000,0.00000,0.00000,0.00000,0.00000,0.00000,0.00000,0.00000,0.00000,0.00000,0.00000,0.00000,0.00000,0.00000,0.00000,0.00000,0.00000,0.00000,0.00000,0.00000,0.00000,0.00000,0.00000,0.00000,0.00000,0.00000,0.00000,0.00000,0.00000,0.00000,0.00000,0.00000,0.00000,0.00000,0.00000,0.00000,0.00000,0.00000,0.00000,0.00000,0.00000,0.00000,0.00000,0.00000,0.00000,0.00000,0.00000,0.00000,0.00000,0.00000,0.00000,0.00000
0.00000,0.00000,0.00000,0.00000,0.00000,0.00000,0.00000,0.00000,0.00000,0.00000,0.00000,0.00000,0.00000,0.00000,0.00000,0.00000,0.00000,0.00000,0.00000,0.00000,0.00000,0.00000,0.00000,0.00000,0.00000,0.00000,0.00000,0.00000,0.00000,0.00000,0.00000,0.00000,0.00000,0.00000,0.00000,0.00000,0.00000,0.00000,0.00000,0.00000,0.00000,0.00000,0.00000,0.00000,0.00000,0.00000,0.00000,0.00000,0.00000,0.00000,0.00000,0.00000,0.00000,0.00000,0.00000
0.00000,0.00000,0.00000,0.00000,0.00000,0.00000,0.00000,0.00000,0.00000,0.00000,0.00000,0.00000,0.00000,0.00000,0.00000,0.00000,0.00000,0.00000,0.00000,0.00000,0.00000,0.00000,0.00000,0.00000,0.00000,0.00000,0.00000,0.00000,0.00000,0.00000,0.00000,0.00000,0.00000,0.00000,0.00000,0.00000,0.00000,0.00000,0.00000,0.00000,0.00000,0.00000,0.00000,0.00000,0.00000,0.00000,0.00000,0.00000,0.00000,0.00000,0.00000,0.00000,0.00000,0.00000,0.00000
0.00000,0.00000,0.00000,0.00000,0.00000,0.00000,0.00000,0.00000,0.00000,0.00000,0.00000,0.00000,0.00000,0.00000,0.00000,0.00000,0.00000,0.00000,0.00000,0.00000,0.00000,0.00000,0.00000,0.00000,0.00000,0.00000,0.00000,0.00000,0.00000,0.00000,0.00000,0.00000,0.00000,0.00000,0.00000,0.00000,0.00000,0.00000,0.00000,0.00000,0.00000,0.00000,0.00000,0.00000,0.00000,0.00000,0.00000,0.00000,0.00000,0.00000,0.00000,0.00000,0.00000,0.00000,0.00000
0.00000,0.00000,0.00000,0.00000,0.00000,0.00000,0.00000,0.00000,0.00000,0.00000,0.00000,0.00000,0.00000,0.00000,0.00000,0.00000,0.00000,0.00000,0.00000,0.00000,0.00000,0.00000,0.00000,0.00000,0.00000,0.00000,0.00000,0.00000,0.00000,0.00000,0.00000,0.00000,0.00000,0.00000,0.00000,0.00000,0.00000,0.00000,0.00000,0.00000,0.00000,0.00000,0.00000,0.00000,0.00000,0.00000,0.00000,0.00000,0.00000,0.00000,0.00000,0.00000,0.00000,0.00000,0.00000
0.00000,0.00000,0.00000,0.00000,0.00000,0.00000,0.00000,0.00000,0.00000,0.00000,0.00000,0.00000,0.00000,0.00000,0.00000,0.00000,0.00000,0.00000,0.00000,0.00000,0.00000,0.00000,0.00000,0.00000,0.00000,0.00000,0.00000,0.00000,0.00000,0.00000,0.00000,0.00000,0.00000,0.00000,0.00000,0.00000,0.00000,0.00000,0.00000,0.00000,0.00000,0.00000,0.00000,0.00000,0.00000,0.00000,0.00000,0.00000,0.00000,0.00000,0.00000,0.00000,0.00000,0.00000,0.00000
0.00000,0.00000,0.00000,0.00000,0.00000,0.00000,0.00000,0.00000,0.00000,0.00000,0.00000,0.00000,0.00000,0.00000,0.00000,0.00000,0.00000,0.00000,0.00000,0.00000,0.00000,0.00000,0.00000,0.00000,0.00000,0.00000,0.00000,0.00000,0.00000,0.00000,0.00000,0.00000,0.00000,0.00000,0.00000,0.00000,0.00000,0.00000,0.00000,0.00000,0.00000,0.00000,0.00000,0.00000,0.00000,0.00000,0.00000,0.00000,0.00000,0.00000,0.00000,0.00000,0.00000,0.00000,0.00000
0.00000,0.00000,0.00000,0.00000,0.00000,0.00000,0.00000,0.00000,0.00000,0.00000,0.00000,0.00000,0.00000,0.00000,0.00000,0.00000,0.00000,0.00000,0.00000,0.00000,0.00000,0.00000,0.00000,0.00000,0.00000,0.00000,0.00000,0.00000,0.00000,0.00000,0.00000,0.00000,0.00000,0.00000,0.00000,0.00000,0.00000,0.00000,0.00000,0.00000,0.00000,0.00000,0.00000,0.00000,0.00000,0.00000,0.00000,0.00000,0.00000,0.00000,0.00000,0.00000,0.00000,0.00000,0.00000
0.00000,0.00000,0.00000,0.00000,0.00000,0.00000,0.00000,0.00000,0.00000,0.00000,0.00000,0.00000,0.00000,0.00000,0.00000,0.00000,0.00000,0.00000,0.00000,0.00000,0.00000,0.00000,0.00000,0.00000,0.00000,0.00000,0.00000,0.00000,0.00000,0.00000,0.00000,0.00000,0.00000,0.00000,0.00000,0.00000,0.00000,0.00000,0.00000,0.00000,0.00000,0.00000,0.00000,0.00000,0.00000,0.00000,0.00000,0.00000,0.00000,0.00000,0.00000,0.00000,0.00000,0.00000,0.00000
0.00000,0.00000,0.00000,0.00000,0.00000,0.00000,0.00000,0.00000,0.00000,0.00000,0.00000,0.00000,0.00000,0.00000,0.00000,0.00000,0.00000,0.00000,0.00000,0.00000,0.00000,0.00000,0.00000,0.00000,0.00000,0.00000,0.00000,0.00000,0.00000,0.00000,0.00000,0.00000,0.00000,0.00000,0.00000,0.00000,0.00000,0.00000,0.00000,0.00000,0.00000,0.00000,0.00000,0.00000,0.00000,0.00000,0.00000,0.00000,0.00000,0.00000,0.00000,0.00000,0.00000,0.00000,0.00000
0.00000,0.00000,0.00000,0.00000,0.00000,0.00000,0.00000,0.00000,0.00000,0.00000,0.00000,0.00000,0.00000,0.00000,0.00000,0.00000,0.00000,0.00000,0.00000,0.00000,0.00000,0.00000,0.00000,0.00000,0.00000,0.00000,0.00000,0.00000,0.00000,0.00000,0.00000,0.00000,0.00000,0.00000,0.00000,0.00000,0.00000,0.00000,0.00000,0.00000,0.00000,0.00000,0.00000,0.00000,0.00000,0.00000,0.00000,0.00000,0.00000,0.00000,0.00000,0.00000,0.00000,0.00000,0.00000
0.00000,0.00000,0.00000,0.00000,0.00000,0.00000,0.00000,0.00000,0.00000,0.00000,0.00000,0.00000,0.00000,0.00000,0.00000,0.00000,0.00000,0.00000,0.00000,0.00000,0.00000,0.00000,0.00000,0.00000,0.00000,0.00000,0.00000,0.00000,0.00000,0.00000,0.00000,0.00000,0.00000,0.00000,0.00000,0.00000,0.00000,0.00000,0.00000,0.00000,0.00000,0.00000,0.00000,0.00000,0.00000,0.00000,0.00000,0.00000,0.00000,0.00000,0.00000,0.00000,0.00000,0.00000,0.00000
0.00000,0.00000,0.00000,0.00000,0.00000,0.00000,0.00000,0.00000,0.00000,0.00000,0.00000,0.00000,0.00000,0.00000,0.00000,0.00000,0.00000,0.00000,0.00000,0.00000,0.00000,0.00000,0.00000,0.00000,0.00000,0.00000,0.00000,0.00000,0.00000,0.00000,0.00000,0.00000,0.00000,0.00000,0.00000,0.00000,0.00000,0.00000,0.00000,0.00000,0.00000,0.00000,0.00000,0.00000,0.00000,0.00000,0.00000,0.00000,0.00000,0.00000,0.00000,0.00000,0.00000,0.00000,0.00000
0.00000,0.00000,0.00000,0.00000,0.00000,0.00000,0.00000,0.00000,0.00000,0.00000,0.00000,0.00000,0.00000,0.00000,0.00000,0.00000,0.00000,0.00000,0.00000,0.00000,0.00000,0.00000,0.00000,0.00000,0.00000,0.00000,0.00000,0.00000,0.00000,0.00000,0.00000,0.00000,0.00000,0.00000,0.00000,0.00000,0.00000,0.00000,0.00000,0.00000,0.00000,0.00000,0.00000,0.00000,0.00000,0.00000,0.00000,0.00000,0.00000,0.00000,0.00000,0.00000,0.00000,0.00000,0.00000
0.00000,0.00000,0.00000,0.00000,0.00000,0.00000,0.00000,0.00000,0.00000,0.00000,0.00000,0.00000,0.00000,0.00000,0.00000,0.00000,0.00000,0.00000,0.00000,0.00000,0.00000,0.00000,0.00000,0.00000,0.00000,0.00000,0.00000,0.00000,0.00000,0.00000,0.00000,0.00000,0.00000,0.00000,0.00000,0.00000,0.00000,0.00000,0.00000,0.00000,0.00000,0.00000,0.00000,0.00000,0.00000,0.00000,0.00000,0.00000,0.00000,0.00000,0.00000,0.00000,0.00000,0.00000,0.00000
0.00000,0.00000,0.00000,0.00000,0.00000,0.00000,0.00000,0.00000,0.00000,0.00000,0.00000,0.00000,0.00000,0.00000,0.00000,0.00000,0.00000,0.00000,0.00000,0.00000,0.00000,0.00000,0.00000,0.00000,0.00000,0.00000,0.00000,0.00000,0.00000,0.00000,0.00000,0.00000,0.00000,0.00000,0.00000,0.00000,0.00000,0.00000,0.00000,0.00000,0.00000,0.00000,0.00000,0.00000,0.00000,0.00000,0.00000,0.00000,0.00000,0.00000,0.00000,0.00000,0.00000,0.00000,0.00000
0.00000,0.00000,0.00000,0.00000,0.00000,0.00000,0.00000,0.00000,0.00000,0.00000,0.00000,0.00000,0.00000,0.00000,0.00000,0.00000,0.00000,0.00000,0.00000,0.00000,0.00000,0.00000,0.00000,0.00000,0.00000,0.00000,0.00000,0.00000,0.00000,0.00000,0.00000,0.00000,0.00000,0.00000,0.00000,0.00000,0.00000,0.00000,0.00000,0.00000,0.00000,0.00000,0.00000,0.00000,0.00000,0.00000,0.00000,0.00000,0.00000,0.00000,0.00000,0.00000,0.00000,0.00000,0.00000
0.00000,0.00000,0.00000,0.00000,0.00000,0.00000,0.00000,0.00000,0.00000,0.00000,0.00000,0.00000,0.00000,0.00000,0.00000,0.00000,0.00000,0.00000,0.00000,0.00000,0.00000,0.00000,0.00000,0.00000,0.00000,0.00000,0.00000,0.00000,0.00000,0.00000,0.00000,0.00000,0.00000,0.00000,0.00000,0.00000,0.00000,0.00000,0.00000,0.00000,0.00000,0.00000,0.00000,0.00000,0.00000,0.00000,0.00000,0.00000,0.00000,0.00000,0.00000,0.00000,0.00000,0.00000,0.00000
0.00000,0.00000,0.00000,0.00000,0.00000,0.00000,0.00000,0.00000,0.00000,0.00000,0.00000,0.00000,0.00000,0.00000,0.00000,0.00000,0.00000,0.00000,0.00000,0.00000,0.00000,0.00000,0.00000,0.00000,0.00000,0.00000,0.00000,0.00000,0.00000,0.00000,0.00000,0.00000,0.00000,0.00000,0.00000,0.00000,0.00000,0.00000,0.00000,0.00000,0.00000,0.00000,0.00000,0.00000,0.00000,0.00000,0.00000,0.00000,0.00000,0.00000,0.00000,0.00000,0.00000,0.00000,0.00000
0.00000,0.00000,0.00000,0.00000,0.00000,0.00000,0.00000,0.00000,0.00000,0.00000,0.00000,0.00000,0.00000,0.00000,0.00000,0.00000,0.00000,0.00000,0.00000,0.00000,0.00000,0.00000,0.00000,0.00000,0.00000,0.00000,0.00000,0.00000,0.00000,0.00000,0.00000,0.00000,0.00000,0.00000,0.00000,0.00000,0.00000,0.00000,0.00000,0.00000,0.00000,0.00000,0.00000,0.00000,0.00000,0.00000,0.00000,0.00000,0.00000,0.00000,0.00000,0.00000,0.00000,0.00000,0.00000
0.00000,0.00000,0.00000,0.00000,0.00000,0.00000,0.00000,0.00000,0.00000,0.00000,0.00000,0.00000,0.00000,0.00000,0.00000,0.00000,0.00000,0.00000,0.00000,0.00000,0.00000,0.00000,0.00000,0.00000,0.00000,0.00000,0.00000,0.00000,0.00000,0.00000,0.00000,0.00000,0.00000,0.00000,0.00000,0.00000,0.00000,0.00000,0.00000,0.00000,0.00000,0.00000,0.00000,0.00000,0.00000,0.00000,0.00000,0.00000,0.00000,0.00000,0.00000,0.00000,0.00000,0.00000,0.00000
0.00000,0.00000,0.00000,0.00000,0.00000,0.00000,0.00000,0.00000,0.00000,0.00000,0.00000,0.00000,0.00000,0.00000,0.00000,0.00000,0.00000,0.00000,0.00000,0.00000,0.00000,0.00000,0.00000,0.00000,0.00000,0.00000,0.00000,0.00000,0.00000,0.00000,0.00000,0.00000,0.00000,0.00000,0.00000,0.00000,0.00000,0.00000,0.00000,0.00000,0.00000,0.00000,0.00000,0.00000,0.00000,0.00000,0.00000,0.00000,0.00000,0.00000,0.00000,0.00000,0.00000,0.00000,0.00000
0.00000,0.00000,0.00000,0.00000,0.00000,0.00000,0.00000,0.00000,0.00000,0.00000,0.00000,0.00000,0.00000,0.00000,0.00000,0.00000,0.00000,0.00000,0.00000,0.00000,0.00000,0.00000,0.00000,0.00000,0.00000,0.00000,0.00000,0.00000,0.00000,0.00000,0.00000,0.00000,0.00000,0.00000,0.00000,0.00000,0.00000,0.00000,0.00000,0.00000,0.00000,0.00000,0.00000,0.00000,0.00000,0.00000,0.00000,0.00000,0.00000,0.00000,0.00000,0.00000,0.00000,0.00000,0.00000
0.00000,0.00000,0.00000,0.00000,0.00000,0.00000,0.00000,0.00000,0.00000,0.00000,0.00000,0.00000,0.00000,0.00000,0.00000,0.00000,0.00000,0.00000,0.00000,0.00000,0.00000,0.00000,0.00000,0.00000,0.00000,0.00000,0.00000,0.00000,0.00000,0.00000,0.00000,0.00000,0.00000,0.00000,0.00000,0.00000,0.00000,0.00000,0.00000,0.00000,0.00000,0.00000,0.00000,0.00000,0.00000,0.00000,0.00000,0.00000,0.00000,0.00000,0.00000,0.00000,0.00000,0.00000,0.00000
0.00000,0.00000,0.00000,0.00000,0.00000,0.00000,0.00000,0.00000,0.00000,0.00000,0.00000,0.00000,0.00000,0.00000,0.00000,0.00000,0.00000,0.00000,0.00000,0.00000,0.00000,0.00000,0.00000,0.00000,0.00000,0.00000,0.00000,0.00000,0.00000,0.00000,0.00000,0.00000,0.00000,0.00000,0.00000,0.00000,0.00000,0.00000,0.00000,0.00000,0.00000,0.00000,0.00000,0.00000,0.00000,0.00000,0.00000,0.00000,0.00000,0.00000,0.00000,0.00000,0.00000,0.00000,0.00000
0.00000,0.00000,0.00000,0.00000,0.00000,0.00000,0.00000,0.00000,0.00000,0.00000,0.00000,0.00000,0.00000,0.00000,0.00000,0.00000,0.00000,0.00000,0.00000,0.00000,0.00000,0.00000,0.00000,0.00000,0.00000,0.00000,0.00000,0.00000,0.00000,0.00000,0.00000,0.00000,0.00000,0.00000,0.00000,0.00000,0.00000,0.00000,0.00000,0.00000,0.00000,0.00000,0.00000,0.00000,0.00000,0.00000,0.00000,0.00000,0.00000,0.00000,0.00000,0.00000,0.00000,0.00000,0.00000
0.00000,0.00000,0.00000,0.00000,0.00000,0.00000,0.00000,0.00000,0.00000,0.00000,0.00000,0.00000,0.00000,0.00000,0.00000,0.00000,0.00000,0.00000,0.00000,0.00000,0.00000,0.00000,0.00000,0.00000,0.00000,0.00000,0.00000,0.00000,0.00000,0.00000,0.00000,0.00000,0.00000,0.00000,0.00000,0.00000,0.00000,0.00000,0.00000,0.00000,0.00000,0.00000,0.00000,0.00000,0.00000,0.00000,0.00000,0.00000,0.00000,0.00000,0.00000,0.00000,0.00000,0.00000,0.00000
0.00000,0.00000,0.00000,0.00000,0.00000,0.00000,0.00000,0.00000,0.00000,0.00000,0.00000,0.00000,0.00000,0.00000,0.00000,0.00000,0.00000,0.00000,0.00000,0.00000,0.00000,0.00000,0.00000,0.00000,0.00000,0.00000,0.00000,0.00000,0.00000,0.00000,0.00000,0.00000,0.00000,0.00000,0.00000,0.00000,0.00000,0.00000,0.00000,0.00000,0.00000,0.00000,0.00000,0.00000,0.00000,0.00000,0.00000,0.00000,0.00000,0.00000,0.00000,0.00000,0.00000,0.00000,0.00000
0.00000,0.00000,0.00000,0.00000,0.00000,0.00000,0.00000,0.00000,0.00000,0.00000,0.00000,0.00000,0.00000,0.00000,0.00000,0.00000,0.00000,0.00000,0.00000,0.00000,0.00000,0.00000,0.00000,0.00000,0.00000,0.00000,0.00000,0.00000,0.00000,0.00000,0.00000,0.00000,0.00000,0.00000,0.00000,0.00000,0.00000,0.00000,0.00000,0.00000,0.00000,0.00000,0.00000,0.00000,0.00000,0.00000,0.00000,0.00000,0.00000,0.00000,0.00000,0.00000,0.00000,0.00000,0.00000
0.00000,0.00000,0.00000,0.00000,0.00000,0.00000,0.00000,0.00000,0.00000,0.00000,0.00000,0.00000,0.00000,0.00000,0.00000,0.00000,0.00000,0.00000,0.00000,0.00000,0.00000,0.00000,0.00000,0.00000,0.00000,0.00000,0.00000,0.00000,0.00000,0.00000,0.00000,0.00000,0.00000,0.00000,0.00000,0.00000,0.00000,0.00000,0.00000,0.00000,0.00000,0.00000,0.00000,0.00000,0.00000,0.00000,0.00000,0.00000,0.00000,0.00000,0.00000,0.00000,0.00000,0.00000,0.00000
0.00000,0.00000,0.00000,0.00000,0.00000,0.00000,0.00000,0.00000,0.00000,0.00000,0.00000,0.00000,0.00000,0.00000,0.00000,0.00000,0.00000,0.00000,0.00000,0.00000,0.00000,0.00000,0.00000,0.00000,0.00000,0.00000,0.00000,0.00000,0.00000,0.00000,0.00000,0.00000,0.00000,0.00000,0.00000,0.00000,0.00000,0.00000,0.00000,0.00000,0.00000,0.00000,0.00000,0.00000,0.00000,0.00000,0.00000,0.00000,0.00000,0.00000,0.00000,0.00000,0.00000,0.00000,0.00000
0.00000,0.00000,0.00000,0.00000,0.00000,0.00000,0.00000,0.00000,0.00000,0.00000,0.00000,0.00000,0.00000,0.00000,0.00000,0.00000,0.00000,0.00000,0.00000,0.00000,0.00000,0.00000,0.00000,0.00000,0.00000,0.00000,0.00000,0.00000,0.00000,0.00000,0.00000,0.00000,0.00000,0.00000,0.00000,0.00000,0.00000,0.00000,0.00000,0.00000,0.00000,0.00000,0.00000,0.00000,0.00000,0.00000,0.00000,0.00000,0.00000,0.00000,0.00000,0.00000,0.00000,0.00000,0.00000
0.00000,0.00000,0.00000,0.00000,0.00000,0.00000,0.00000,0.00000,0.00000,0.00000,0.00000,0.00000,0.00000,0.00000,0.00000,0.00000,0.00000,0.00000,0.00000,0.00000,0.00000,0.00000,0.00000,0.00000,0.00000,0.00000,0.00000,0.00000,0.00000,0.00000,0.00000,0.00000,0.00000,0.00000,0.00000,0.00000,0.00000,0.00000,0.00000,0.00000,0.00000,0.00000,0.00000,0.00000,0.00000,0.00000,0.00000,0.00000,0.00000,0.00000,0.00000,0.00000,0.00000,0.00000,0.00000
0.00000,0.00000,0.00000,0.00000,0.00000,0.00000,0.00000,0.00000,0.00000,0.00000,0.00000,0.00000,0.00000,0.00000,0.00000,0.00000,0.00000,0.00000,0.00000,0.00000,0.00000,0.00000,0.00000,0.00000,0.00000,0.00000,0.00000,0.00000,0.00000,0.00000,0.00000,0.00000,0.00000,0.00000,0.00000,0.00000,0.00000,0.00000,0.00000,0.00000,0.00000,0.00000,0.00000,0.00000,0.00000,0.00000,0.00000,0.00000,0.00000,0.00000,0.00000,0.00000,0.00000,0.00000,0.00000
0.00000,0.00000,0.00000,0.00000,0.00000,0.00000,0.00000,0.00000,0.00000,0.00000,0.00000,0.00000,0.00000,0.00000,0.00000,0.00000,0.00000,0.00000,0.00000,0.00000,0.00000,0.00000,0.00000,0.00000,0.00000,0.00000,0.00000,0.00000,0.00000,0.00000,0.00000,0.00000,0.00000,0.00000,0.00000,0.00000,0.00000,0.00000,0.00000,0.00000,0.00000,0.00000,0.00000,0.00000,0.00000,0.00000,0.00000,0.00000,0.00000,0.00000,0.00000,0.00000,0.00000,0.00000,0.00000
0.00000,0.00000,0.00000,0.00000,0.00000,0.00000,0.00000,0.00000,0.00000,0.00000,0.00000,0.00000,0.00000,0.00000,0.00000,0.00000,0.00000,0.00000,0.00000,0.00000,0.00000,0.00000,0.00000,0.00000,0.00000,0.00000,0.00000,0.00000,0.00000,0.00000,0.00000,0.00000,0.00000,0.00000,0.00000,0.00000,0.00000,0.00000,0.00000,0.00000,0.00000,0.00000,0.00000,0.00000,0.00000,0.00000,0.00000,0.00000,0.00000,0.00000,0.00000,0.00000,0.00000,0.00000,0.00000
0.00000,0.00000,0.00000,0.00000,0.00000,0.00000,0.00000,0.00000,0.00000,0.00000,0.00000,0.00000,0.00000,0.00000,0.00000,0.00000,0.00000,0.00000,0.00000,0.00000,0.00000,0.00000,0.00000,0.00000,0.00000,0.00000,0.00000,0.00000,0.00000,0.00000,0.00000,0.00000,0.00000,0.00000,0.00000,0.00000,0.00000,0.00000,0.00000,0.00000,0.00000,0.00000,0.00000,0.00000,0.00000,0.00000,0.00000,0.00000,0.00000,0.00000,0.00000,0.00000,0.00000,0.00000,0.00000
0.00000,0.00000,0.00000,0.00000,0.00000,0.00000,0.00000,0.00000,0.00000,0.00000,0.00000,0.00000,0.00000,0.00000,0.00000,0.00000,0.00000,0.00000,0.00000,0.00000,0.00000,0.00000,0.00000,0.00000,0.00000,0.00000,0.00000,0.00000,0.00000,0.00000,0.00000,0.00000,0.00000,0.00000,0.00000,0.00000,0.00000,0.00000,0.00000,0.00000,0.00000,0.00000,0.00000,0.00000,0.00000,0.00000,0.00000,0.00000,0.00000,0.00000,0.00000,0.00000,0.00000,0.00000,0.00000
0.00000,0.00000,0.00000,0.00000,0.00000,0.00000,0.00000,0.00000,0.00000,0.00000,0.00000,0.00000,0.00000,0.00000,0.00000,0.00000,0.00000,0.00000,0.00000,0.00000,0.00000,0.00000,0.00000,0.00000,0.00000,0.00000,0.00000,0.00000,0.00000,0.00000,0.00000,0.00000,0.00000,0.00000,0.00000,0.00000,0.00000,0.00000,0.00000,0.00000,0.00000,0.00000,0.00000,0.00000,0.00000,0.00000,0.00000,0.00000,0.00000,0.00000,0.00000,0.00000,0.00000,0.00000,0.00000
0.00000,0.00000,0.00000,0.00000,0.00000,0.00000,0.00000,0.00000,0.00000,0.00000,0.00000,0.00000,0.00000,0.00000,0.00000,0.00000,0.00000,0.00000,0.00000,0.00000,0.00000,0.00000,0.00000,0.00000,0.00000,0.00000,0.00000,0.00000,0.00000,0.00000,0.00000,0.00000,0.00000,0.00000,0.00000,0.00000,0.00000,0.00000,0.00000,0.00000,0.00000,0.00000,0.00000,0.00000,0.00000,0.00000,0.00000,0.00000,0.00000,0.00000,0.00000,0.00000,0.00000,0.00000,0.00000
0.00000,0.00000,0.00000,0.00000,0.00000,0.00000,0.00000,0.00000,0.00000,0.00000,0.00000,0.00000,0.00000,0.00000,0.00000,0.00000,0.00000,0.00000,0.00000,0.00000,0.00000,0.00000,0.00000,0.00000,0.00000,0.00000,0.00000,0.00000,0.00000,0.00000,0.00000,0.00000,0.00000,0.00000,0.00000,0.00000,0.00000,0.00000,0.00000,0.00000,0.00000,0.00000,0.00000,0.00000,0.00000,0.00000,0.00000,0.00000,0.00000,0.00000,0.00000,0.00000,0.00000,0.00000,0.00000
0.00000,0.00000,0.00000,0.00000,0.00000,0.00000,0.00000,0.00000,0.00000,0.00000,0.00000,0.00000,0.00000,0.00000,0.00000,0.00000,0.00000,0.00000,0.00000,0.00000,0.00000,0.00000,0.00000,0.00000,0.00000,0.00000,0.00000,0.00000,0.00000,0.00000,0.00000,0.00000,0.00000,0.00000,0.00000,0.00000,0.00000,0.00000,0.00000,0.00000,0.00000,0.00000,0.00000,0.00000,0.00000,0.00000,0.00000,0.00000,0.00000,0.00000,0.00000,0.00000,0.00000,0.00000,0.00000
0.00000,0.00000,0.00000,0.00000,0.00000,0.00000,0.00000,0.00000,0.00000,0.00000,0.00000,0.00000,0.00000,0.00000,0.00000,0.00000,0.00000,0.00000,0.00000,0.00000,0.00000,0.00000,0.00000,0.00000,0.00000,0.00000,0.00000,0.00000,0.00000,0.00000,0.00000,0.00000,0.00000,0.00000,0.00000,0.00000,0.00000,0.00000,0.00000,0.00000,0.00000,0.00000,0.00000,0.00000,0.00000,0.00000,0.00000,0.00000,0.00000,0.00000,0.00000,0.00000,0.00000,0.00000,0.00000
0.00000,0.00000,0.00000,0.00000,0.00000,0.00000,0.00000,0.00000,0.00000,0.00000,0.00000,0.00000,0.00000,0.00000,0.00000,0.00000,0.00000,0.00000,0.00000,0.00000,0.00000,0.00000,0.00000,0.00000,0.00000,0.00000,0.00000,0.00000,0.00000,0.00000,0.00000,0.00000,0.00000,0.00000,0.00000,0.00000,0.00000,0.00000,0.00000,0.00000,0.00000,0.00000,0.00000,0.00000,0.00000,0.00000,0.00000,0.00000,0.00000,0.00000,0.00000,0.00000,0.00000,0.00000,0.00000
0.00000,0.00000,0.00000,0.00000,0.00000,0.00000,0.00000,0.00000,0.00000,0.00000,0.00000,0.00000,0.00000,0.00000,0.00000,0.00000,0.00000,0.00000,0.00000,0.00000,0.00000,0.00000,0.00000,0.00000,0.00000,0.00000,0.00000,0.00000,0.00000,0.00000,0.00000,0.00000,0.00000,0.00000,0.00000,0.00000,0.00000,0.00000,0.00000,0.00000,0.00000,0.00000,0.00000,0.00000,0.00000,0.00000,0.00000,0.00000,0.00000,0.00000,0.00000,0.00000,0.00000,0.00000,0.00000
0.00000,0.00000,0.00000,0.00000,0.00000,0.00000,0.00000,0.00000,0.00000,0.00000,0.00000,0.00000,0.00000,0.00000,0.00000,0.00000,0.00000,0.00000,0.00000,0.00000,0.00000,0.00000,0.00000,0.00000,0.00000,0.00000,0.00000,0.00000,0.00000,0.00000,0.00000,0.00000,0.00000,0.00000,0.00000,0.00000,0.00000,0.00000,0.00000,0.00000,0.00000,0.00000,0.00000,0.00000,0.00000,0.00000,0.00000,0.00000,0.00000,0.00000,0.00000,0.00000,0.00000,0.00000,0.00000
0.00000,0.00000,0.00000,0.00000,0.00000,0.00000,0.00000,0.00000,0.00000,0.00000,0.00000,0.00000,0.00000,0.00000,0.00000,0.00000,0.00000,0.00000,0.00000,0.00000,0.00000,0.00000,0.00000,0.00000,0.00000,0.00000,0.00000,0.00000,0.00000,0.00000,0.00000,0.00000,0.00000,0.00000,0.00000,0.00000,0.00000,0.00000,0.00000,0.00000,0.00000,0.00000,0.00000,0.00000,0.00000,0.00000,0.00000,0.00000,0.00000,0.00000,0.00000,0.00000,0.00000,0.00000,0.00000
0.00000,0.00000,0.00000,0.00000,0.00000,0.00000,0.00000,0.00000,0.00000,0.00000,0.00000,0.00000,0.00000,0.00000,0.00000,0.00000,0.00000,0.00000,0.00000,0.00000,0.00000,0.00000,0.00000,0.00000,0.00000,0.00000,0.00000,0.00000,0.00000,0.00000,0.00000,0.00000,0.00000,0.00000,0.00000,0.00000,0.00000,0.00000,0.00000,0.00000,0.00000,0.00000,0.00000,0.00000,0.00000,0.00000,0.00000,0.00000,0.00000,0.00000,0.00000,0.00000,0.00000,0.00000,0.00000
0.00000,0.00000,0.00000,0.00000,0.00000,0.00000,0.00000,0.00000,0.00000,0.00000,0.00000,0.00000,0.00000,0.00000,0.00000,0.00000,0.00000,0.00000,0.00000,0.00000,0.00000,0.00000,0.00000,0.00000,0.00000,0.00000,0.00000,0.00000,0.00000,0.00000,0.00000,0.00000,0.00000,0.00000,0.00000,0.00000,0.00000,0.00000,0.00000,0.00000,0.00000,0.00000,0.00000,0.00000,0.00000,0.00000,0.00000,0.00000,0.00000,0.00000,0.00000,0.00000,0.00000,0.00000,0.00000
0.00000,0.00000,0.00000,0.00000,0.00000,0.00000,0.00000,0.00000,0.00000,0.00000,0.00000,0.00000,0.00000,0.00000,0.00000,0.00000,0.00000,0.00000,0.00000,0.00000,0.00000,0.00000,0.00000,0.00000,0.00000,0.00000,0.00000,0.00000,0.00000,0.00000,0.00000,0.00000,0.00000,0.00000,0.00000,0.00000,0.00000,0.00000,0.00000,0.00000,0.00000,0.00000,0.00000,0.00000,0.00000,0.00000,0.00000,0.00000,0.00000,0.00000,0.00000,0.00000,0.00000,0.00000,0.00000
1.39663e-40,-2.89212e-40,-3.37657e-40,-2.77083e-40,-2.32742e-40,5.45191e-40,-1.61953e-40,-2.31484e-40,3.29775e-40,-1.24225e-40,1.58520e-40,2.64756e-40,-7.70068e-41,-7.33315e-40,5.88482e-40,-1.13846e-40,-2.20836e-41,6.60365e-41,2.59154e-40,-3.51975e-40,5.16029e-40,3.41606e-40,-6.57566e-40,7.85193e-42,-7.05575e-40,-5.78511e-40,-1.54352e-39,-1.73707e-39,1.15740e-39,-1.94894e-40,-1.62144e-39,1.36347e-39,-6.12127e-40,5.71007e-40,2.05100e-39,2.83625e-39,-1.34302e-39,1.36075e-39,1.63211e-39,-1.75007e-39,2.32625e-40,-1.85009e-39,-3.75526e-40,5.65072e-40,-2.24801e-39,2.39660e-39,-7.21236e-40,-4.79129e-40,-2.28072e-39,-3.21366e-39,-6.61016e-40,-8.67960e-41,5.33274e-40,6.69665e-40,-1.34421e-40
9.91910e-33,-1.64789e-32,-1.24351e-32,-1.60260e-33,-4.18276e-33,3.62155e-33,-2.79729e-33,-1.19626e-33,-5.11991e-33,-9.19794e-33,-1.10707e-33,-1.19076e-32,-3.90246e-33,4.70942e-33,-5.38405e-33,2.68066e-33,2.13096e-33,1.02208e-33,1.86267e-34,1.06327e-33,3.85393e-33,2.44763e-33,2.84797e-33,-1.79822e-34,-1.12114e-33,-3.50012e-33,8.46230e-33,1.05969e-32,-4.08330e-33,1.21832e-33,2.01335e-33,-3.72181e-33,6.61167e-33,-4.73279e-33,-5.48263e-33,-7.61892e-33,6.57268e-33,8.27354e-34,-3.33954e-33,3.98198e-33,-1.86061e-33,4.94532e-33,6.28753e-33,6.28698e-34,-1.46478e-33,3.92700e-33,-3.43628e-33,-9.53690e-33,-1.42805e-33,-2.74432e-34,1.26546e-32,4.73059e-33,-9.77970e-34,-5.14167e-33,1.44645e-33
1.45585e-33,-2.89870e-33,-3.16430e-33,-2.82825e-33,-2.10466e-33,5.16761e-33,-1.37429e-33,-2.81060e-33,3.08532e-33,-1.39433e-33,1.56810e-33,2.45696e-33,-3.57613e-33,-5.69234e-33,1.43022e-33,-1.48706e-33,2.61060e-33,5.50911e-33,7.83761e-33,-4.96632e-33,9.05997e-33,2.01351e-33,-7.02180e-34,-1.27873e-33,-3.36130e-33,-6.04014e-33,-1.42091e-32,-1.44827e-32,-4.42588e-33,6.03798e-33,-4.02738e-33,2.85421e-33,1.50730e-32,-1.73341e-32,2.61615e-32,1.50851e-32,-1.88886e-32,-1.30035e-32,7.64068e-33,-1.02756e-32,2.11299e-33,-1.34763e-32,-2.85422e-32,-3.30246e-33,-3.04795e-33,2.23613e-32,-6.42905e-33,-1.99688e-32,-1.99222e-34,-1.42844e-32,6.31018e-33,6.76432e-33,1.05824e-33,3.45076e-36,2.38074e-34
1.55494e-32,-2.87974e-32,-2.63908e-32,-3.06663e-32,-1.86559e-32,5.39097e-32,1.72852e-33,-3.22484e-32,3.51998e-32,-1.81488e-32,1.16550e-32,2.42806e-32,-4.89002e-32,-4.91985e-32,3.16183e-33,-1.58989e-32,2.32328e-32,2.57852e-32,2.53871e-32,-2.21332e-32,8.08403e-32,-1.09225e-34,2.44244e-32,-1.89859e-32,5.23352e-32,3.88329e-34,6.91917e-32,1.05440e-31,-1.14385e-31,2.74651e-32,1.40370e-31,-8.15279e-32,3.41024e-32,-4.58568e-33,-9.54179e-32,-1.19641e-31,8.75168e-32,1.10994e-32,-6.15192e-32,6.71716e-32,-1.61252e-32,7.20897e-32,1.16673e-31,7.39862e-33,4.62911e-32,-1.14167e-31,3.85189e-32,1.00798e-31,1.94854e-32,8.29001e-32,-3.45855e-32,-2.91605e-32,-6.73520e-33,9.81367e-34,-2.48983e-33
2.45857e-32,-4.11617e-32,-2.43384e-32,-4.41779e-32,3.54381e-33,8.20694e-32,4.26807e-32,2.38845e-32,-3.68410e-33,-2.31089e-32,2.95962e-33,-5.48039e-32,-2.33818e-32,2.15698e-32,-8.93446e-32,-6.30549e-33,5.97497e-33,4.63575e-33,-3.15447e-32,-1.85207e-33,-1.15742e-32,1.35111e-32,6.62687e-32,5.00891e-32,6.86808e-32,9.30146e-32,1.43005e-31,8.29261e-32,9.22608e-32,-3.38446e-32,-1.02292e-31,4.15803e-32,-8.28047e-32,3.48735e-32,-1.06027e-32,3.77960e-32,-2.06366e-32,1.06349e-32,1.84166e-32,-7.14709e-33,2.90072e-33,-3.20944e-33,-5.77373e-33,5.55075e-34,-1.47946e-34,-1.35598e-32,6.75591e-34,-3.59123e-33,3.46643e-32,3.04485e-32,1.25873e-32,-1.58702e-33,-1.25356e-33,-1.81981e-32,-2.33065e-33
2.51277e-32,-4.16879e-32,-2.01982e-32,-1.49271e-32,3.02747e-32,5.35540e-32,5.12289e-32,7.94766e-32,-3.99594e-32,2.23341e-33,-5.76294e-33,-1.06707e-31,1.45427e-32,6.90494e-32,-6.78379e-32,3.10852e-33,-2.47378e-32,-1.24549e-32,-4.21680e-32,3.06854e-32,-6.38984e-32,1.12018e-32,-2.48686e-32,1.35743e-32,-3.34238e-32,-4.51435e-32,-1.64788e-31,-8.99693e-32,-7.33050e-32,4.07727e-32,8.66796e-32,-4.18792e-32,5.10676e-32,-1.05558e-32,-2.84367e-32,-3.98989e-32,3.96603e-32,5.46912e-33,-1.64459e-32,1.45368e-32,-5.83756e-33,1.67420e-32,2.44446e-32,6.43843e-34,-1.76814e-33,1.18902e-32,-8.25226e-33,-1.85984e-32,-2.46426e-32,-1.13124e-32,1.84559e-32,1.16958e-32,-4.66488e-33,8.59311e-34,7.37106e-33
2.54490e-32,-4.71337e-32,-4.04809e-32,2.41419e-32,1.56859e-32,1.06747e-33,-1.78099e-32,5.87541e-32,-1.89656e-32,5.30814e-32,-2.53143e-32,-2.31502e-33,3.03964e-32,1.13653e-32,1.10342e-31,2.42659e-32,3.75457e-33,-9.95192e-33,6.13235e-32,-2.22394e-32,4.13225e-32,-4.37866e-32,-8.21878e-32,-9.85696e-32,-1.01343e-31,-6.96062e-32,1.20117e-31,1.01253e-31,1.95807e-32,-6.40270e-32,-7.02932e-32,4.38703e-32,-1.42504e-32,-2.79647e-32,5.77556e-32,1.99068e-32,-5.13821e-32,-3.70417e-32,-3.13724e-33,-6.61472e-34,4.07678e-33,-1.08695e-32,-4.39599e-32,-9.71449e-33,2.50344e-32,-2.42171e-32,1.81063e-32,2.72850e-32,7.69796e-33,-3.79399e-33,-3.80541e-32,-1.34983e-32,1.05712e-33,1.40570e-32,-2.60086e-33
2.58089e-32,-4.60298e-32,-4.55175e-32,4.18688e-32,-2.70302e-32,-5.29486e-32,-7.05487e-32,3.56131e-34,-6.10706e-32,-2.41574e-32,-2.98839e-32,-1.51965e-32,2.90486e-32,2.82556e-32,9.47537e-32,3.90928e-32,2.51187e-32,-9.85989e-33,2.29981e-32,8.68035e-33,6.19829e-32,-5.55446e-33,5.50899e-32,4.22373e-32,1.07689e-31,1.44428e-31,-3.04621e-33,-1.03643e-31,4.34339e-32,1.03182e-31,5.25817e-32,-5.09855e-32,4.12718e-32,3.07495e-32,-6.22115e-32,-4.45154e-33,5.32129e-32,5.83440e-32,2.30235e-32,-1.55537e-32,-3.71567e-33,-5.82632e-33,3.18333e-32,1.09678e-32,-4.45314e-32,5.47846e-32,-2.67899e-32,-3.25707e-32,-4.88708e-34,-2.41928e-33,3.72370e-32,1.08858e-32,3.78626e-33,-1.11568e-32,-3.44804e-33
2.71382e-32,-3.89032e-32,-3.16787e-32,1.40930e-32,-5.70299e-32,-7.63689e-32,-5.45199e-32,-1.05564e-31,-1.52679e-32,-1.06436e-31,1.27623e-32,-3.01992e-32,-3.18537e-32,1.09517e-33,-6.71066e-32,2.22239e-32,1.24418e-32,3.49391e-33,-2.37751e-32,3.75037e-32,-4.26793e-32,6.09733e-32,5.28271e-32,3.58815e-32,-1.40496e-32,-1.19977e-31,-6.18668e-32,1.01450e-31,-4.89625e-32,-1.09653e-31,-5.17707e-32,6.93556e-32,-4.53911e-32,-4.54835e-32,5.97569e-32,-2.37442e-32,-3.76687e-32,-6.35366e-32,-4.37518e-32,3.61734e-32,-2.99825e-33,2.61841e-32,2.05906e-32,-4.67110e-33,2.93149e-32,-5.98023e-32,2.24682e-32,2.90976e-32,-7.68102e-32,-4.92026e-32,-2.07412e-32,-6.35271e-33,-4.05757e-33,1.68339e-32,1.29534e-32
2.81586e-32,-3.41351e-32,-1.23846e-32,-8.90460e-33,-1.32207e-32,-3.69917e-32,-5.46159e-33,-6.95679e-32,3.09728e-32,-3.49473e-32,1.43417e-32,6.44190e-33,-4.54195e-32,-9.31316e-33,-1.19164e-31,-8.22924e-32,-2.61759e-32,1.46628e-32,-4.38635e-32,-1.99095e-32,-3.89592e-32,-5.04479e-32,-1.09786e-31,-7.47382e-32,-1.22945e-31,1.17018e-32,1.02687e-31,-6.48943e-32,4.81065e-32,9.90371e-32,-1.21783e-33,-7.98873e-32,7.83140e-32,2.92949e-32,-6.64899e-32,1.76426e-32,5.27521e-32,7.79508e-32,4.33404e-32,-3.90354e-32,1.06214e-33,-3.36133e-32,-3.02089e-32,6.40163e-33,-2.85388e-32,6.83273e-32,-2.24783e-32,-2.67107e-32,1.27303e-31,8.54771e-32,1.25639e-32,4.47583e-33,3.97925e-33,-2.32457e-32,-1.88320e-32
2.75524e-32,-4.09614e-32,-1.42654e-32,5.42308e-32,8.11878e-32,-2.19914e-32,-4.97693e-33,8.92160e-32,1.50945e-32,1.20003e-31,-1.59042e-32,5.19298e-32,2.29743e-32,-3.68998e-32,2.35734e-32,-1.30396e-31,3.73554e-32,1.04453e-32,-1.18463e-32,-7.22357e-32,-1.55082e-32,-7.17304e-32,8.33888e-33,2.88687e-32,1.40061e-31,3.40656e-32,-8.22162e-32,3.26755e-32,-4.24326e-32,-9.66452e-32,-7.00692e-33,8.17047e-32,-6.26827e-32,-5.22655e-32,7.30824e-32,-3.65081e-32,-2.57802e-32,-7.68545e-32,-5.69326e-32,5.24159e-32,-1.44017e-32,5.61843e-32,7.28796e-32,5.77497e-33,-1.27260e-32,2.15668e-33,-2.05117e-32,-3.83310e-32,-1.50215e-31,-1.15026e-31,1.02319e-31,4.25447e-32,4.13319e-33,-1.61830e-32,1.75834e-32
2.82451e-32,-3.80446e-32,-5.33843e-33,6.07806e-32,7.85725e-32,-2.17158e-32,6.55637e-34,6.50613e-32,3.58455e-32,6.91342e-32,1.88420e-32,5.05900e-32,3.34280e-33,-4.01117e-32,7.89132e-33,4.99121e-32,-4.41269e-34,1.91271e-33,9.35165e-33,2.30313e-32,7.52844e-33,1.75360e-31,1.36761e-31,8.19574e-32,-5.06958e-32,-1.25357e-31,1.31214e-32,3.36997e-32,3.62527e-32,7.36945e-32,-4.46032e-32,-5.09935e-32,8.55986e-32,3.79959e-32,-7.83299e-32,4.36174e-33,4.70691e-32,1.04501e-31,6.59536e-32,-6.81317e-32,1.17540e-32,-6.05340e-32,-5.71224e-32,-4.81699e-33,-4.91156e-33,1.21038e-32,2.54498e-32,5.24573e-32,1.38271e-31,1.00518e-31,-1.70106e-31,-6.36916e-32,-7.92426e-33,5.37262e-32,-1.28470e-32
3.05710e-32,-2.33956e-32,1.60714e-32,-1.42674e-32,1.84563e-32,1.76579e-33,8.95113e-33,-2.14222e-32,5.41293e-32,-1.39158e-32,3.11741e-32,5.04357e-32,-5.43678e-32,1.55826e-32,-5.32342e-32,1.71809e-31,-7.94215e-32,4.49025e-33,1.71618e-32,1.30093e-31,4.13667e-32,9.93171e-33,-6.71445e-32,-6.52500e-32,-6.11703e-32,1.46308e-31,2.63861e-32,-6.35256e-32,-9.16323e-33,-4.43781e-32,8.40283e-32,2.93946e-32,-8.65244e-32,-1.90139e-32,6.80516e-32,2.27046e-32,-5.88136e-32,-1.28910e-31,-7.31761e-32,9.06304e-32,-1.38657e-32,7.68237e-32,6.74843e-32,1.90200e-32,-1.12098e-33,-1.35250e-32,-4.53955e-32,-5.67660e-32,-8.09398e-32,-4.36907e-32,2.53787e-31,8.70025e-32,2.66590e-32,-1.03448e-31,-1.03292e-32
3.27783e-32,-8.61226e-33,2.12120e-32,-9.27326e-32,-6.11698e-32,-1.57371e-32,7.17104e-33,-5.59344e-32,1.77136e-32,6.03552e-32,-1.75895e-32,1.13625e-32,-3.36862e-32,8.78253e-32,1.88598e-33,7.48156e-32,-1.85286e-32,-2.94493e-32,4.43054e-33,-8.48863e-32,-2.71602e-32,-1.55227e-31,-4.41486e-32,2.21115e-32,1.46183e-31,-8.24559e-32,-7.99402e-32,7.88584e-32,-4.96264e-33,9.44441e-33,-8.89779e-32,2.49088e-33,7.90097e-32,-4.20949e-33,-5.39455e-32,-4.34048e-32,5.50533e-32,1.47004e-31,7.92367e-32,-1.04094e-31,2.10299e-32,-8.51056e-32,-9.05812e-32,-3.92124e-32,1.99402e-32,9.94206e-34,6.71150e-32,-2.03370e-33,-1.16677e-32,-3.44436e-32,-2.89612e-31,-9.87478e-32,-6.00659e-32,1.25091e-31,4.72373e-32
3.39659e-32,-2.18951e-33,2.30889e-32,-1.07553e-31,-8.66720e-32,-2.96616e-32,2.34853e-32,-4.49410e-32,-3.19455e-32,8.01555e-32,-6.30597e-32,-6.29560e-33,1.80518e-32,7.97188e-32,5.04085e-32,-7.90252e-32,2.56049e-32,-4.57910e-32,-2.87862e-32,-1.53808e-31,-3.72235e-33,6.05749e-32,6.86684e-32,1.20277e-31,-1.05831e-31,-7.36483e-32,8.41619e-32,-6.45632e-32,3.90813e-32,5.91057e-32,6.38033e-32,-6.54343e-32,-2.17647e-32,7.38647e-32,1.08989e-32,1.09456e-31,-5.30742e-32,-1.76995e-31,-4.75595e-32,1.19677e-31,-5.51856e-33,8.34871e-32,4.75292e-32,5.23924e-32,7.02155e-32,-9.08496e-32,-3.98542e-32,-3.65404e-33,-4.59474e-32,3.61062e-32,4.25767e-31,1.13839e-31,8.70458e-32,-1.98999e-31,-6.10676e-32
3.37610e-32,-8.25874e-33,3.34968e-32,-2.11867e-32,-4.39552e-32,2.78705e-34,6.97273e-32,-4.49278e-33,-5.41912e-32,6.27392e-33,-8.07603e-32,3.61857e-32,2.99274e-32,-2.43926e-32,2.53538e-32,-1.25375e-31,5.21180e-32,4.00842e-32,2.37034e-32,1.49284e-31,-9.85154e-33,1.26276e-31,2.56526e-32,-1.17986e-31,-5.51895e-32,1.34680e-31,-2.99042e-32,5.38243e-33,-5.47924e-32,-6.27075e-32,1.21655e-33,7.94724e-32,-4.51383e-32,-8.24164e-32,3.14049e-32,-1.12570e-31,2.13042e-32,1.13086e-31,-4.89604e-33,-7.39806e-32,-1.40057e-32,-4.23341e-32,1.51164e-32,-4.28946e-32,-1.04178e-31,1.13147e-31,7.81588e-33,6.69102e-33,7.98353e-32,-3.84655e-33,-3.41071e-31,-8.28110e-32,-7.08245e-32,1.56240e-31,4.23299e-32
3.33319e-32,-9.31155e-33,1.88828e-32,-8.09925e-33,1.04209e-32,-1.36193e-32,4.79368e-33,-1.09613e-33,2.71532e-33,-5.80069e-34,2.94830e-33,7.44772e-33,-2.65780e-33,-1.63015e-33,-2.76525e-33,-3.78364e-33,-7.90446e-33,-1.88564e-33,3.81051e-33,-4.18605e-33,-2.05841e-33,-6.84413e-34,-3.29783e-33,4.81808e-33,3.79844e-33,-6.58517e-33,3.69753e-33,-4.49063e-33,3.01761e-33,3.17121e-33,3.18382e-33,-6.74286e-34,-4.79489e-33,1.36598e-34,3.01235e-33,6.80657e-35,-1.79329e-33,-1.15768e-33,-1.90960e-33,1.87174e-33,-1.30953e-33,2.04244e-33,2.24447e-33,3.48215e-33,-1.72680e-33,5.65430e-34,-2.27783e-33,1.69740e-32,4.49843e-33,7.94710e-33,1.50789e-32,5.68275e-33,1.48579e-32,-2.68663e-33,-1.05532e-32
3.32134e-32,-1.74429e-32,4.32966e-32,1.04924e-31,2.89985e-33,1.29638e-32,1.00718e-31,3.37045e-32,-4.72901e-32,-9.12068e-32,-3.43776e-32,2.96652e-32,3.65293e-32,-1.16718e-31,-2.38175e-32,9.26660e-32,2.15259e-32,5.07130e-32,-1.76719e-32,5.03233e-32,1.49212e-32,-1.33598e-31,-6.42884e-32,7.73755e-32,9.81989e-32,-1.59862e-31,2.26052e-32,5.23501e-33,7.22525e-32,4.78537e-32,-1.51655e-32,-9.41222e-32,6.11150e-32,9.98146e-32,-4.85147e-32,1.63654e-31,-3.03340e-32,-1.51100e-31,-2.07565e-33,1.17587e-31,-6.49208e-33,6.48627e-32,6.41725e-32,1.32603e-31,-4.21138e-32,6.95370e-33,-1.29488e-31,3.82048e-31,1.67648e-31,1.31502e-31,2.89837e-31,1.21674e-31,2.21886e-31,-5.19256e-32,-1.85532e-31
3.39326e-32,-1.45813e-32,4.77634e-32,1.09926e-31,2.28839e-32,1.06904e-32,6.25008e-32,-1.28807e-33,5.82582e-33,-8.80245e-32,2.11689e-32,-1.00966e-32,1.47617e-32,-3.64553e-32,-1.82254e-32,8.79590e-32,-4.66907e-32,-7.75275e-32,1.41952e-32,-2.16344e-31,-1.15277e-33,-7.08863e-32,8.49147e-32,5.63531e-32,-9.93664e-32,7.95745e-33,6.08115e-32,-9.71599e-32,-6.05841e-32,5.87179e-32,4.17503e-32,7.06777e-32,-1.65746e-31,-7.11453e-32,8.34628e-32,-1.42194e-31,-5.54474e-32,4.76763e-32,-8.43086e-32,-5.78912e-32,-2.28855e-32,-3.06940e-32,5.42885e-32,-1.36327e-31,-6.72579e-32,1.08578e-31,4.16854e-32,-3.02967e-31,-4.29687e-32,-1.53832e-31,-4.35087e-31,-1.07292e-31,-2.73266e-31,1.42909e-31,2.10605e-31
3.51007e-32,-6.06280e-33,5.56637e-32,5.27484e-32,4.23048e-32,2.42203e-32,-9.47790e-33,-7.14305e-32,1.08162e-31,-2.16569e-32,6.61142e-32,-7.16395e-32,-1.71023e-32,1.06778e-31,5.88350e-32,-7.08657e-32,-4.92875e-32,-8.44624e-32,8.06400e-32,-7.33388e-32,-2.80514e-32,1.41623e-31,-1.36502e-32,-1.04331e-31,1.18900e-32,1.39591e-31,-8.98522e-32,8.64894e-32,6.87834e-33,-1.36750e-31,-2.30993e-32,-3.88911e-33,1.42020e-31,-6.71248e-33,-7.12585e-32,6.37625e-32,1.18070e-31,6.34134e-32,1.14542e-31,-2.57748e-33,2.96884e-32,-6.48036e-33,-1.11422e-31,1.32713e-31,9.20168e-32,-1.29182e-31,1.00222e-32,3.25836e-31,2.48757e-33,1.86158e-31,4.47088e-31,8.51552e-32,3.40558e-31,-1.41843e-31,-2.50452e-31
3.66719e-32,6.94760e-33,4.11275e-32,-3.69061e-32,3.93251e-32,-9.07196e-33,-3.01447e-32,-5.38140e-32,1.02532e-31,5.00126e-32,7.89619e-32,-1.03147e-31,-4.87624e-33,8.18263e-32,8.43309e-32,-8.67762e-32,3.07000e-32,6.67230e-32,3.64076e-33,1.83430e-31,-4.14605e-33,1.35336e-33,-7.27777e-32,9.07529e-33,1.36935e-31,-1.43775e-31,5.33515e-32,-1.62965e-32,2.62528e-32,1.43817e-31,-3.18384e-32,-7.06338e-32,-4.72311e-32,8.95410e-32,1.18495e-32,6.21310e-32,-1.39499e-31,-1.90966e-31,-1.01505e-31,6.59352e-32,-1.28298e-32,3.44324e-32,1.33518e-31,-8.70797e-32,-1.19424e-31,1.47212e-31,-1.02725e-31,-2.54145e-31,5.66692e-32,-2.48944e-31,-4.64860e-31,-2.63808e-32,-3.98863e-31,1.85848e-31,2.87614e-31
3.80966e-32,2.12669e-32,8.63941e-33,-1.14770e-31,1.95512e-32,-8.02930e-32,-7.28151e-33,4.37372e-32,-2.58665e-32,2.71457e-32,7.14933e-32,-5.74084e-32,3.38279e-32,-9.81897e-32,7.79807e-33,5.37582e-32,8.46493e-32,1.20547e-31,-8.43222e-32,2.67352e-32,6.44874e-32,-1.38004e-31,8.66222e-32,1.15119e-31,-1.46267e-31,2.21705e-32,4.45983e-32,-7.03064e-32,-9.06092e-33,-7.50112e-32,6.77945e-32,9.40475e-32,-5.85186e-32,-1.21251e-31,6.22332e-32,-1.51996e-31,9.63993e-32,2.55747e-31,5.93445e-32,-1.06252e-31,-1.84282e-32,-4.78874e-32,-1.14771e-31,3.41205e-32,8.94578e-32,-1.03991e-31,1.50044e-31,2.55663e-31,-7.75671e-32,2.78543e-31,4.03428e-31,-1.31018e-32,4.55166e-31,-1.60104e-31,-3.19212e-31
3.89636e-32,2.75138e-32,2.63809e-34,-1.19962e-31,1.62307e-32,-8.32479e-32,-1.29182e-32,7.59912e-32,-9.13570e-32,-3.68503e-32,1.19505e-32,7.95126e-33,3.87389e-32,-1.33812e-31,-4.79993e-32,6.23263e-32,-2.54971e-32,-4.34410e-32,-8.88031e-33,-1.40112e-31,-2.72841e-32,3.94833e-32,6.47346e-32,-1.78697e-31,-1.14736e-32,1.20676e-31,-1.07523e-31,9.84263e-32,-5.17548e-32,-4.76055e-32,-8.69096e-32,-4.67078e-32,1.47491e-31,1.07252e-31,-1.47756e-31,1.99547e-31,3.42974e-33,-2.65561e-31,4.22151e-32,1.12875e-31,6.86903e-32,2.82711e-32,4.95415e-32,4.96161e-32,-6.28372e-32,6.33260e-32,-2.44868e-31,-1.31209e-31,1.17958e-31,-3.59547e-31,-3.61923e-31,1.14906e-31,-4.99363e-31,2.09566e-31,3.54614e-31
3.90475e-32,2.49910e-32,1.98692e-32,-5.47978e-32,3.10616e-32,4.26949e-33,-5.87791e-32,5.62209e-32,-8.20983e-32,-7.53334e-32,-3.89602e-32,6.46953e-32,-2.25021e-32,2.60841e-33,-4.18272e-32,-4.70816e-32,-1.01608e-31,-1.14422e-31,1.00512e-31,-1.84377e-33,-2.54918e-32,1.45035e-31,-1.52469e-31,-2.21795e-32,1.74331e-31,-1.34071e-31,3.99464e-32,-8.32356e-33,1.27839e-31,1.11399e-31,6.02373e-32,-7.25929e-32,-1.16648e-31,-9.32180e-33,1.55564e-31,-1.17033e-31,-1.01647e-31,1.52898e-31,-1.56170e-31,-5.60019e-32,-1.06602e-31,2.05591e-32,5.58008e-32,-1.12199e-31,2.22889e-32,-9.06135e-33,3.05979e-31,-7.65376e-32,-1.38450e-31,4.00954e-31,2.60266e-31,-2.41028e-31,4.35219e-31,-2.61407e-31,-3.28024e-31
3.86305e-32,1.94111e-32,4.35286e-32,2.69851e-32,5.70182e-32,9.16555e-32,-8.19074e-32,1.79379e-32,-4.28166e-32,-7.59976e-32,-5.04050e-32,1.06849e-31,-5.26516e-32,1.12573e-31,9.72934e-33,-1.00631e-31,-9.85999e-32,2.19858e-32,1.26211e-31,1.09718e-31,7.99174e-34,-6.92287e-32,2.71740e-32,1.57101e-31,-3.64382e-32,-7.13027e-32,1.00307e-31,-1.03243e-31,-1.11577e-31,-1.52519e-33,1.36525e-32,1.67448e-31,-7.75991e-32,-1.31429e-31,-4.64192e-32,-1.01493e-31,1.15683e-31,1.01821e-31,2.13029e-31,-1.00790e-31,1.15147e-31,-1.01152e-31,-1.88235e-31,1.04702e-31,-1.91441e-32,1.28511e-32,-2.95168e-31,4.57094e-31,1.15790e-31,-3.91593e-31,-1.47856e-31,4.41186e-31,-1.18319e-31,4.13271e-31,1.97977e-31
3.83171e-32,1.82161e-32,5.54812e-32,8.22876e-32,4.77310e-32,1.34825e-31,-8.44618e-32,-4.69424e-32,-9.57999e-33,-2.22248e-32,-1.97001e-32,6.90689e-32,-6.85340e-32,1.18347e-31,7.10566e-32,-9.57122e-33,3.65171e-32,1.08501e-31,-2.02546e-31,-2.50900e-32,6.76561e-32,-1.35130e-31,6.98451e-32,8.56112e-32,-1.88438e-31,1.57776e-31,-8.24760e-32,9.02769e-32,-1.17057e-32,-1.70377e-31,-2.34143e-32,-6.05896e-32,2.30724e-31,1.40068e-31,-9.97364e-32,2.50301e-31,2.08986e-32,-2.82188e-31,-9.79376e-32,2.07977e-31,-4.44701e-32,1.31027e-31,1.95298e-31,1.46250e-32,5.37668e-32,-7.77737e-32,1.27764e-31,-6.14071e-31,-3.16341e-32,2.38377e-31,6.17272e-32,-4.96282e-31,-2.64893e-31,-4.58965e-31,-2.20739e-32
3.94731e-32,2.59815e-32,3.73742e-32,7.17180e-32,-1.49052e-32,1.03415e-31,-6.86584e-32,-6.64565e-32,-1.98186e-32,1.02219e-31,1.17293e-32,-1.46728e-32,-1.21295e-32,-1.37796e-32,-1.76812e-32,1.54614e-31,2.64202e-31,7.44231e-32,-6.99939e-32,-8.22794e-32,-1.40377e-31,7.25820e-32,3.65292e-32,-2.66827e-31,5.46722e-32,-3.13842e-32,-1.16115e-31,7.87257e-32,9.36880e-32,1.90846e-31,-6.29460e-32,-1.41750e-31,-1.26331e-31,4.38408e-32,1.33269e-31,-1.57065e-31,-2.33400e-31,2.83773e-31,-1.37195e-31,-1.85644e-31,-1.20313e-31,-7.82717e-32,-3.50298e-32,-1.78917e-31,-1.56014e-31,2.22638e-31,2.17584e-31,5.33674e-31,-1.36244e-31,1.37414e-31,-3.19432e-32,2.00126e-31,7.67971e-31,3.02938e-31,-3.16771e-31
4.17484e-32,4.13755e-32,-2.08260e-33,3.01255e-32,-8.89018e-32,-2.81259e-33,-3.19022e-32,-3.61259e-32,-1.22737e-32,1.48798e-31,2.38729e-32,-1.23237e-31,6.54551e-32,-1.47490e-31,-1.15920e-31,3.05937e-32,1.05153e-31,-2.44889e-31,8.20413e-33,3.51711e-32,4.09139e-32,1.10864e-31,-1.72099e-31,9.09137e-32,9.59637e-32,-6.14293e-32,1.78025e-31,-1.48517e-31,-3.97709e-32,-5.08779e-32,1.18843e-31,1.67473e-31,-5.73657e-32,-1.56259e-31,-3.64655e-32,-2.37994e-32,2.64185e-31,-1.57550e-31,2.11296e-31,1.31170e-31,1.76587e-31,3.62673e-32,-6.77593e-32,2.26534e-31,2.23949e-31,-2.95501e-31,-3.69772e-31,-3.96795e-31,2.13937e-31,-2.74402e-31,1.19025e-31,3.16278e-33,-9.32115e-31,-2.22193e-31,4.39172e-31
4.40480e-32,5.05508e-32,-2.19438e-32,4.26721e-32,-1.27754e-31,-2.06761e-32,-1.61133e-32,1.37623e-32,2.89373e-32,8.00350e-32,-6.23131e-33,-8.70346e-32,7.77066e-32,-8.44144e-32,-8.21276e-32,-1.16657e-31,-2.58809e-31,-3.02686e-32,2.54019e-31,1.16514e-31,9.32974e-32,-1.71655e-31,7.93594e-32,2.00214e-31,-1.21834e-31,1.03397e-31,-3.78137e-32,2.27950e-32,-1.03260e-31,-1.99076e-31,-8.17090e-32,-5.19960e-32,2.20858e-31,1.41828e-31,-1.19159e-31,2.63445e-31,-9.50002e-32,-5.37936e-32,-1.51875e-31,-1.56405e-33,-1.63758e-31,2.23090e-32,1.16580e-31,-1.22989e-31,-2.48051e-31,3.19302e-31,4.16617e-31,2.06538e-31,-2.69493e-31,3.95396e-31,-2.06044e-31,-3.56684e-31,9.73766e-31,6.62554e-32,-5.63063e-31
4.50334e-32,5.64326e-32,-3.37561e-32,6.68864e-32,-1.46907e-31,-3.56646e-33,4.09254e-33,6.40462e-32,3.06246e-32,5.90960e-33,-7.08997e-33,-8.82317e-33,5.65111e-33,3.28880e-32,4.72658e-32,-5.17958e-32,-3.20688e-31,2.47399e-31,-3.93366e-32,-2.96081e-32,1.60211e-32,-4.76571e-32,2.11962e-31,-2.08903e-31,-3.60496e-32,1.46951e-32,-2.06765e-31,2.14197e-31,8.43328e-32,3.01475e-31,-1.53936e-31,-1.95061e-31,-1.43632e-31,1.00545e-31,1.62552e-31,-3.60322e-31,-3.14940e-31,2.99264e-31,-1.21603e-31,-2.83991e-31,-3.16576e-33,-1.24965e-31,-6.71953e-32,-3.00029e-31,4.66042e-32,-9.35578e-32,-6.83561e-32,1.83611e-31,1.43258e-31,-4.06838e-31,4.81450e-32,9.39401e-31,-3.20758e-31,3.83369e-31,4.91344e-31
4.58601e-32,6.46488e-32,-5.94281e-32,4.32559e-32,-1.28911e-31,-3.08616e-32,5.22236e-32,1.34373e-31,3.55691e-32,-8.28125e-32,6.10077e-32,6.19078e-32,-9.52611e-32,1.11714e-31,1.24465e-31,5.05393e-32,-4.75361e-32,2.38055e-31,-3.16504e-31,-1.51127e-31,-5.03189e-32,1.73976e-31,-8.07499e-32,-1.43709e-31,1.38566e-31,-1.13097e-31,8.13901e-32,-5.21685e-32,1.82759e-31,3.40606e-32,2.18296e-31,1.02360e-31,-1.81097e-31,-1.99901e-31,1.12031e-31,-1.89425e-32,3.50909e-31,-1.56698e-31,2.30743e-31,2.91937e-31,1.57510e-31,1.24508e-31,-3.24442e-32,4.79051e-31,2.50643e-31,-2.66054e-31,-4.28988e-31,-3.48473e-31,1.46483e-31,1.00804e-31,3.19351e-31,-7.93703e-31,-7.13182e-31,-5.79476e-31,-2.31466e-32
4.67851e-32,7.31986e-32,-8.83600e-32,-1.75614e-32,-6.70173e-32,-7.44888e-32,8.84331e-32,1.88417e-31,6.38691e-32,-1.23744e-31,1.21801e-31,1.17462e-31,-1.18372e-31,9.86608e-32,3.77481e-32,7.42475e-32,2.97385e-31,-6.55747e-34,5.91836e-32,-3.97331e-32,-1.70750e-31,9.21867e-32,-1.59996e-31,1.06802e-31,1.04005e-31,-5.01906e-32,2.37095e-31,-2.74780e-31,-1.95250e-31,-2.96530e-31,8.22553e-32,2.54420e-31,1.84593e-31,-8.43366e-32,-2.75192e-31,4.39615e-31,1.53892e-31,-2.06052e-31,7.47959e-32,7.53927e-32,-9.38448e-32,1.09495e-32,1.63755e-32,-1.18482e-32,-3.61157e-31,4.81457e-31,4.43294e-31,2.74772e-31,-3.59189e-31,2.80528e-31,-5.61102e-31,-2.18430e-31,1.33014e-30,3.37217e-31,-5.67432e-31
4.91592e-32,9.64043e-32,-1.48100e-31,1.23443e-32,1.08670e-31,-4.31659e-33,1.28350e-31,-1.07403e-31,-1.16219e-31,2.87431e-32,8.93662e-32,4.54892e-32,-5.02097e-32,4.08948e-32,-1.06617e-32,-3.24632e-32,1.90715e-32,-1.48594e-31,-8.52151e-33,5.61274e-32,8.96943e-32,-6.06875e-32,9.01293e-32,-6.84190e-32,-1.10442e-32,-1.17287e-32,-1.40946e-32,-1.90358e-32,-1.35388e-32,-2.73702e-32,-6.80017e-32,-9.04550e-32,2.49291e-32,1.45661e-31,1.44835e-31,-1.20245e-31,1.03585e-31,-1.27525e-31,9.71889e-32,-2.14435e-31,-1.94331e-31,-6.77165e-32,5.44892e-32,-4.87541e-31,1.28227e-31,-2.09332e-31,-5.57984e-31,-1.93867e-31,9.28269e-32,-2.11536e-31,-8.19382e-32,9.92627e-32,4.99892e-31,1.64735e-31,5.20905e-31
